[{"model": "contenttypes.contenttype", "fields": {"app_label": "admin", "model": "logentry"}}, {"model": "contenttypes.contenttype", "fields": {"app_label": "auth", "model": "permission"}}, {"model": "contenttypes.contenttype", "fields": {"app_label": "auth", "model": "group"}}, {"model": "contenttypes.contenttype", "fields": {"app_label": "contenttypes", "model": "contenttype"}}, {"model": "contenttypes.contenttype", "fields": {"app_label": "sessions", "model": "session"}}, {"model": "contenttypes.contenttype", "fields": {"app_label": "authtoken", "model": "token"}}, {"model": "contenttypes.contenttype", "fields": {"app_label": "user", "model": "department"}}, {"model": "contenttypes.contenttype", "fields": {"app_label": "user", "model": "college"}}, {"model": "contenttypes.contenttype", "fields": {"app_label": "user", "model": "user"}}, {"model": "contenttypes.contenttype", "fields": {"app_label": "comment", "model": "comment"}}, {"model": "contenttypes.contenttype", "fields": {"app_label": "article", "model": "articletag"}}, {"model": "contenttypes.contenttype", "fields": {"app_label": "article", "model": "article"}}, {"model": "contenttypes.contenttype", "fields": {"app_label": "article", "model": "articletype"}}, {"model": "contenttypes.contenttype", "fields": {"app_label": "interest", "model": "interest"}}, {"model": "contenttypes.contenttype", "fields": {"app_label": "interest", "model": "interesttag"}}, {"model": "contenttypes.contenttype", "fields": {"app_label": "article", "model": "tagcolor"}}, {"model": "sessions.session", "pk": "1fwqpn4zaki70w4j889oy6t559cpdjsq", "fields": {"session_data": "NTA3M2M3MjlmYWViMWQyYThkY2FmOWM3OWU1ZmJiOTJmMzM2OGRjYjp7Il9hdXRoX3VzZXJfaGFzaCI6IjQwMzQxNjgzOTQ2NDJiYTMyNjllMmIzZDc2MTc5NGViMDEyMjRhZDEiLCJfYXV0aF91c2VyX2JhY2tlbmQiOiJkamFuZ28uY29udHJpYi5hdXRoLmJhY2tlbmRzLk1vZGVsQmFja2VuZCIsIl9hdXRoX3VzZXJfaWQiOiIxIn0=", "expire_date": "2018-11-18T12:50:38.495"}}, {"model": "sessions.session", "pk": "8dzfrgsnf8hb5usi7i11qyjjgwb8qxv8", "fields": {"session_data": "YjQ3Y2FjZGNhOWRjNjkxZWZmNDI0NGRjODRkMDdmM2FlNTc2YzNkODp7Il9hdXRoX3VzZXJfaGFzaCI6IjQwMzQxNjgzOTQ2NDJiYTMyNjllMmIzZDc2MTc5NGViMDEyMjRhZDEiLCJfYXV0aF91c2VyX2lkIjoiMSIsIl9hdXRoX3VzZXJfYmFja2VuZCI6ImRqYW5nby5jb250cmliLmF1dGguYmFja2VuZHMuTW9kZWxCYWNrZW5kIn0=", "expire_date": "2018-11-18T15:20:03.266"}}, {"model": "sessions.session", "pk": "d8knq8m9leszsd3hw214duvzkmybtq7d", "fields": {"session_data": "YjQ3Y2FjZGNhOWRjNjkxZWZmNDI0NGRjODRkMDdmM2FlNTc2YzNkODp7Il9hdXRoX3VzZXJfaGFzaCI6IjQwMzQxNjgzOTQ2NDJiYTMyNjllMmIzZDc2MTc5NGViMDEyMjRhZDEiLCJfYXV0aF91c2VyX2lkIjoiMSIsIl9hdXRoX3VzZXJfYmFja2VuZCI6ImRqYW5nby5jb250cmliLmF1dGguYmFja2VuZHMuTW9kZWxCYWNrZW5kIn0=", "expire_date": "2018-11-20T08:30:39.507"}}, {"model": "sessions.session", "pk": "gqtf4pzrhvnnybop2n5iym6jjdzzye7c", "fields": {"session_data": "YjQ3Y2FjZGNhOWRjNjkxZWZmNDI0NGRjODRkMDdmM2FlNTc2YzNkODp7Il9hdXRoX3VzZXJfaGFzaCI6IjQwMzQxNjgzOTQ2NDJiYTMyNjllMmIzZDc2MTc5NGViMDEyMjRhZDEiLCJfYXV0aF91c2VyX2lkIjoiMSIsIl9hdXRoX3VzZXJfYmFja2VuZCI6ImRqYW5nby5jb250cmliLmF1dGguYmFja2VuZHMuTW9kZWxCYWNrZW5kIn0=", "expire_date": "2018-12-17T23:11:22.155"}}, {"model": "sessions.session", "pk": "u2rsdzhlwupzsa6mf5fqk1r9yvfnyqeu", "fields": {"session_data": "MWFiZmQ1YmE3YWZhZmJiYzEzNWQ5MmFiMTY5OWVlYTRmOTZjNjdkNDp7Il9hdXRoX3VzZXJfYmFja2VuZCI6ImRqYW5nby5jb250cmliLmF1dGguYmFja2VuZHMuTW9kZWxCYWNrZW5kIiwiX2F1dGhfdXNlcl9pZCI6IjEiLCJfYXV0aF91c2VyX2hhc2giOiI0MDM0MTY4Mzk0NjQyYmEzMjY5ZTJiM2Q3NjE3OTRlYjAxMjI0YWQxIn0=", "expire_date": "2018-11-19T12:21:12.974"}}, {"model": "sessions.session", "pk": "wt2z7fae77ctbbz947d42sz28tmwfs8d", "fields": {"session_data": "NzM1Y2FjMDQxODdjMDBmOTlhNTc3MTc3NDVjZjgyNzEyZGNhMDNlODp7Il9hdXRoX3VzZXJfaWQiOiIxIiwiX2F1dGhfdXNlcl9iYWNrZW5kIjoiZGphbmdvLmNvbnRyaWIuYXV0aC5iYWNrZW5kcy5Nb2RlbEJhY2tlbmQiLCJfYXV0aF91c2VyX2hhc2giOiI0MDM0MTY4Mzk0NjQyYmEzMjY5ZTJiM2Q3NjE3OTRlYjAxMjI0YWQxIn0=", "expire_date": "2018-11-26T13:21:40.272"}}, {"model": "sessions.session", "pk": "x98bq875g2iekhls9mwge6m7yonlum4j", "fields": {"session_data": "M2YxZmZiNjJjNzA3NmY1ODMyNDIxZWU1ZjAzMTQ5M2E1NTIyMWZmMjp7Il9hdXRoX3VzZXJfaWQiOiI1IiwiX2F1dGhfdXNlcl9iYWNrZW5kIjoiZGphbmdvLmNvbnRyaWIuYXV0aC5iYWNrZW5kcy5Nb2RlbEJhY2tlbmQiLCJfYXV0aF91c2VyX2hhc2giOiI2NmMzNjJlMWQxZGI3MzM5ZjA0MWNhMzE1MTgxY2QzZDQ0MzJlMDI4In0=", "expire_date": "2018-11-22T08:16:52.197"}}, {"model": "user.college", "pk": 1, "fields": {"name": "\uc778\ubb38\ub300\ud559"}}, {"model": "user.college", "pk": 2, "fields": {"name": "\uc790\uc5f0\uacfc\ud559\ub300\ud559"}}, {"model": "user.college", "pk": 3, "fields": {"name": "\uacf5\uacfc\ub300\ud559"}}, {"model": "user.college", "pk": 4, "fields": {"name": "\ubbf8\uc220\ub300\ud559"}}, {"model": "user.college", "pk": 5, "fields": {"name": "\uc74c\uc545\ub300\ud559"}}, {"model": "user.college", "pk": 6, "fields": {"name": "\ubc95\ud559\uc804\ubb38\ub300\ud559\uc6d0"}}, {"model": "user.college", "pk": 7, "fields": {"name": "\uae30\ucd08\uad50\uc721\uc6d0"}}, {"model": "user.college", "pk": 8, "fields": {"name": "\uc0ac\ud68c\uacfc\ud559\ub300\ud559"}}, {"model": "user.college", "pk": 9, "fields": {"name": "\ud658\uacbd\ub300\ud559\uc6d0"}}, {"model": "user.college", "pk": 10, "fields": {"name": "\uac04\ud638\ub300\ud559"}}, {"model": "user.college", "pk": 11, "fields": {"name": "\uc735\ud569\uacfc\ud559\uae30\uc220\ub300\ud559\uc6d0"}}, {"model": "user.college", "pk": 12, "fields": {"name": "\uc57d\ud559\ub300\ud559"}}, {"model": "user.college", "pk": 13, "fields": {"name": "\uc0ac\ubc94\ub300\ud559"}}, {"model": "user.college", "pk": 14, "fields": {"name": "\uc758\uacfc\ub300\ud559"}}, {"model": "user.college", "pk": 15, "fields": {"name": "\uce58\uc758\ud559\ub300\ud559\uc6d0"}}, {"model": "user.college", "pk": 16, "fields": {"name": "\ubcf4\uac74\ub300\ud559\uc6d0"}}, {"model": "user.college", "pk": 17, "fields": {"name": "\uacbd\uc601\ub300\ud559"}}, {"model": "user.college", "pk": 18, "fields": {"name": "\uc0dd\ud65c\uacfc\ud559\ub300\ud559"}}, {"model": "user.college", "pk": 19, "fields": {"name": "\ub18d\uc5c5\uc0dd\uba85\uacfc\ud559\ub300\ud559"}}, {"model": "user.college", "pk": 20, "fields": {"name": "\uc218\uc758\uacfc\ub300\ud559"}}, {"model": "user.college", "pk": 21, "fields": {"name": "\uad6d\uc81c\ub300\ud559\uc6d0"}}, {"model": "user.college", "pk": 22, "fields": {"name": "\uc758\ud559\ub300\ud559\uc6d0"}}, {"model": "user.college", "pk": 23, "fields": {"name": "\ubc95\uacfc\ub300\ud559"}}, {"model": "user.college", "pk": 24, "fields": {"name": "\ud589\uc815\ub300\ud559\uc6d0"}}, {"model": "user.college", "pk": 25, "fields": {"name": "\uacf5\ud559\uc804\ubb38\ub300\ud559\uc6d0"}}, {"model": "user.college", "pk": 26, "fields": {"name": "\uad6d\uc81c\ub18d\uc5c5\uae30\uc220\ub300\ud559\uc6d0"}}, {"model": "user.college", "pk": 27, "fields": {"name": "\uce58\uacfc\ub300\ud559"}}, {"model": "user.college", "pk": 28, "fields": {"name": "\ubb34\uc18c\uc18d\ub300\ud559"}}, {"model": "user.college", "pk": 29, "fields": {"name": "\ub300\ud559\uc6d0"}}, {"model": "user.college", "pk": 30, "fields": {"name": "\uc790\uc720\uc804\uacf5\ud559\ubd80"}}, {"model": "user.college", "pk": 31, "fields": {"name": "\n"}}, {"model": "user.department", "pk": 1, "fields": {"name": "\uc5b8\uc5b4\ud559\uacfc\n", "college": 1}}, {"model": "user.department", "pk": 2, "fields": {"name": "\ub3c5\uc5b4\ub3c5\ubb38\ud559\uacfc\n", "college": 1}}, {"model": "user.department", "pk": 3, "fields": {"name": "\uc601\uc5b4\uc601\ubb38\ud559\uacfc\n", "college": 1}}, {"model": "user.department", "pk": 4, "fields": {"name": "\ud654\ud559\ubd80\n", "college": 2}}, {"model": "user.department", "pk": 5, "fields": {"name": "\uc218\ub9ac\uacfc\ud559\ubd80\n", "college": 2}}, {"model": "user.department", "pk": 6, "fields": {"name": "\ucef4\ud4e8\ud130\uacf5\ud559\ubd80\n", "college": 3}}, {"model": "user.department", "pk": 7, "fields": {"name": "\ud611\ub3d9\uacfc\uc815  \ube44\uad50\ubb38\ud559\uc804\uacf5\n", "college": 1}}, {"model": "user.department", "pk": 8, "fields": {"name": "\uad6d\uc5b4\uad6d\ubb38\ud559\uacfc\n", "college": 1}}, {"model": "user.department", "pk": 9, "fields": {"name": "\uc911\uc5b4\uc911\ubb38\ud559\uacfc\n", "college": 1}}, {"model": "user.department", "pk": 10, "fields": {"name": "\uc11c\uc591\ud654\uacfc\n", "college": 4}}, {"model": "user.department", "pk": 11, "fields": {"name": "\ubbf8\ud559\uacfc\n", "college": 1}}, {"model": "user.department", "pk": 12, "fields": {"name": "\uc791\uace1\uacfc(\uc774\ub860\uc804\uacf5)\n", "college": 5}}, {"model": "user.department", "pk": 13, "fields": {"name": "\ucca0\ud559\uacfc\n", "college": 1}}, {"model": "user.department", "pk": 14, "fields": {"name": "\uace0\uace0\ubbf8\uc220\uc0ac\ud559\uacfc\n", "college": 1}}, {"model": "user.department", "pk": 15, "fields": {"name": "\ub3d9\uc591\uc0ac\ud559\uacfc\n", "college": 1}}, {"model": "user.department", "pk": 16, "fields": {"name": "\uad6d\uc0ac\ud559\uacfc\n", "college": 1}}, {"model": "user.department", "pk": 17, "fields": {"name": "\uc11c\uc591\uc0ac\ud559\uacfc\n", "college": 1}}, {"model": "user.department", "pk": 18, "fields": {"name": "\uc885\uad50\ud559\uacfc\n", "college": 1}}, {"model": "user.department", "pk": 19, "fields": {"name": "\ubc95\ud559\uacfc\n", "college": 6}}, {"model": "user.department", "pk": 20, "fields": {"name": "\n", "college": 7}}, {"model": "user.department", "pk": 21, "fields": {"name": "\uc9c0\ub9ac\ud559\uacfc\n", "college": 8}}, {"model": "user.department", "pk": 22, "fields": {"name": "\uc778\ub958\ud559\uacfc\n", "college": 8}}, {"model": "user.department", "pk": 23, "fields": {"name": "\uc2ec\ub9ac\ud559\uacfc(\uc2ec\ub9ac\ud559\uc804\uacf5)\n", "college": 8}}, {"model": "user.department", "pk": 24, "fields": {"name": "\uc9c0\uad6c\ud658\uacbd\uacfc\ud559\ubd80\n", "college": 2}}, {"model": "user.department", "pk": 25, "fields": {"name": "\ud658\uacbd\uacc4\ud68d\ud559\uacfc\n", "college": 9}}, {"model": "user.department", "pk": 26, "fields": {"name": "\uc0b0\uc5c5\uacf5\ud559\uacfc\n", "college": 3}}, {"model": "user.department", "pk": 27, "fields": {"name": "\ub1cc\uc778\uc9c0\uacfc\ud559\uacfc(\ub1cc\uc778\uc9c0\uacfc\ud559\uc804\uacf5)\n", "college": 2}}, {"model": "user.department", "pk": 28, "fields": {"name": "\uac04\ud638\ud559\uacfc\n", "college": 10}}, {"model": "user.department", "pk": 29, "fields": {"name": "\uc735\ud569\uacfc\ud559\ubd80(\ub514\uc9c0\ud138\uc815\ubcf4\uc735\ud569\uc804\uacf5)\n", "college": 11}}, {"model": "user.department", "pk": 30, "fields": {"name": "\uc218\ub9ac\uc815\ubcf4\uacfc\ud559\uacfc\n", "college": 11}}, {"model": "user.department", "pk": 31, "fields": {"name": "\ub3c5\uc5b4\uad50\uc721\uacfc\n", "college": 13}}, {"model": "user.department", "pk": 32, "fields": {"name": "\uc758\ud559\uacfc(\uc815\ud615\uc678\uacfc\ud559\uc804\uacf5)\n", "college": 14}}, {"model": "user.department", "pk": 33, "fields": {"name": "\ud1b5\uacc4\ud559\uacfc\n", "college": 2}}, {"model": "user.department", "pk": 34, "fields": {"name": "\uce58\uc758\ud559\uacfc(\uce58\uc758\ud559\uc804\uacf5)\n", "college": 15}}, {"model": "user.department", "pk": 35, "fields": {"name": "\uc870\uc18c\uacfc\n", "college": 4}}, {"model": "user.department", "pk": 36, "fields": {"name": "\uc758\ud559\uacfc(\ub0b4\uacfc\ud559\uc804\uacf5)\n", "college": 14}}, {"model": "user.department", "pk": 37, "fields": {"name": "\ud658\uacbd\ubcf4\uac74\ud559\uacfc(\ud658\uacbd\ubcf4\uac74\ud559\uc804\uacf5)\n", "college": 16}}, {"model": "user.department", "pk": 38, "fields": {"name": "\uad6d\uc545\uacfc\n", "college": 5}}, {"model": "user.department", "pk": 39, "fields": {"name": "\ud658\uacbd\uc870\uacbd\ud559\uacfc(\ud658\uacbd\uc870\uacbd\ud559\uc804\uacf5)\n", "college": 9}}, {"model": "user.department", "pk": 40, "fields": {"name": "\uc0ac\ud68c\ud559\uacfc\n", "college": 8}}, {"model": "user.department", "pk": 41, "fields": {"name": "\uc0ac\ud68c\ubcf5\uc9c0\ud559\uacfc\n", "college": 8}}, {"model": "user.department", "pk": 42, "fields": {"name": "\uc5b8\ub860\uc815\ubcf4\ud559\uacfc\n", "college": 8}}, {"model": "user.department", "pk": 43, "fields": {"name": "\uc5b8\ub860\uc815\ubcf4\ud559\uacfc(\uc5f0\ud569\uc804\uacf5 \uc815\ubcf4\ubb38\ud654\ud559)\n", "college": 8}}, {"model": "user.department", "pk": 44, "fields": {"name": "\uacbd\uc81c\ud559\ubd80\n", "college": 8}}, {"model": "user.department", "pk": 45, "fields": {"name": "\ud611\ub3d9\uacfc\uc815  \uc5ec\uc131\ud559\uc804\uacf5\n", "college": 8}}, {"model": "user.department", "pk": 46, "fields": {"name": "\uc815\uce58\uc678\uad50\ud559\ubd80\n", "college": 8}}, {"model": "user.department", "pk": 47, "fields": {"name": "\uc815\uce58\uc678\uad50\ud559\ubd80(\uc815\uce58\ud559\uc804\uacf5)\n", "college": 8}}, {"model": "user.department", "pk": 48, "fields": {"name": "\uc815\uce58\uc678\uad50\ud559\ubd80(\uc678\uad50\ud559\uc804\uacf5)\n", "college": 8}}, {"model": "user.department", "pk": 49, "fields": {"name": "\uacbd\uc601\ud559\uacfc(\uc5f0\ud569\uc804\uacf5 \ubca4\ucc98\uacbd\uc601\ud559)\n", "college": 17}}, {"model": "user.department", "pk": 50, "fields": {"name": "\uacbd\uc601\ud559\uacfc\n", "college": 17}}, {"model": "user.department", "pk": 51, "fields": {"name": "\uc0dd\uba85\uacfc\ud559\ubd80\n", "college": 2}}, {"model": "user.department", "pk": 52, "fields": {"name": "\ubb3c\ub9ac\u00b7\ucc9c\ubb38\ud559\ubd80(\ubb3c\ub9ac\ud559\uc804\uacf5)\n", "college": 2}}, {"model": "user.department", "pk": 53, "fields": {"name": "\ubb3c\ub9ac\u00b7\ucc9c\ubb38\ud559\ubd80(\ucc9c\ubb38\ud559\uc804\uacf5)\n", "college": 2}}, {"model": "user.department", "pk": 54, "fields": {"name": "\ud611\ub3d9\uacfc\uc815 \ub1cc\uacfc\ud559\uc804\uacf5\n", "college": 2}}, {"model": "user.department", "pk": 55, "fields": {"name": "\ud611\ub3d9\uacfc\uc815 \uc0dd\ubb3c\uc815\ubcf4\ud559\uc804\uacf5\n", "college": 2}}, {"model": "user.department", "pk": 56, "fields": {"name": "\ud611\ub3d9\uacfc\uc815\uc0dd\ubb3c\ubb3c\ub9ac\ubc0f\ud654\ud559\uc0dd\ubb3c\ud559\uc804\uacf5\n", "college": 2}}, {"model": "user.department", "pk": 57, "fields": {"name": "\uc2dd\ud488\uc601\uc591\ud559\uacfc\n", "college": 18}}, {"model": "user.department", "pk": 58, "fields": {"name": "\uc758\ub958\ud559\uacfc\n", "college": 18}}, {"model": "user.department", "pk": 59, "fields": {"name": "\uc18c\ube44\uc790\ud559\uacfc\n", "college": 18}}, {"model": "user.department", "pk": 60, "fields": {"name": "\uc18c\ube44\uc790\uc544\ub3d9\ud559\ubd80(\uc18c\ube44\uc790\ud559\uc804\uacf5)\n", "college": 18}}, {"model": "user.department", "pk": 61, "fields": {"name": "\uac74\ucd95\ud559\uacfc\n", "college": 3}}, {"model": "user.department", "pk": 62, "fields": {"name": "\uac74\ucd95\ud559\uacfc(\uac74\ucd95\ud559\uacfc \uac74\ucd95\ud559\uc804\uacf5(5\ub144\uc81c))\n", "college": 3}}, {"model": "user.department", "pk": 63, "fields": {"name": "\uac74\ucd95\ud559\uacfc(\uac74\ucd95\ud559\uacfc \uac74\ucd95\uacf5\ud559\uc804\uacf5)\n", "college": 3}}, {"model": "user.department", "pk": 64, "fields": {"name": "\uc6d0\uc790\ud575\uacf5\ud559\uacfc\n", "college": 3}}, {"model": "user.department", "pk": 65, "fields": {"name": "\uc7ac\ub8cc\uacf5\ud559\ubd80\n", "college": 3}}, {"model": "user.department", "pk": 66, "fields": {"name": "\uae30\uacc4\ud56d\uacf5\uacf5\ud559\ubd80(\uc6b0\uc8fc\ud56d\uacf5\uacf5\ud559\uc804\uacf5)\n", "college": 3}}, {"model": "user.department", "pk": 67, "fields": {"name": "\uae30\uacc4\ud56d\uacf5\uacf5\ud559\ubd80(\uae30\uacc4\uacf5\ud559\uc804\uacf5)\n", "college": 3}}, {"model": "user.department", "pk": 68, "fields": {"name": "\uac74\uc124\ud658\uacbd\uacf5\ud559\ubd80\n", "college": 3}}, {"model": "user.department", "pk": 69, "fields": {"name": "\uc5d0\ub108\uc9c0\uc2dc\uc2a4\ud15c\uacf5\ud559\ubd80(\uc6d0\uc790\ud575\uacf5\ud559\uc804\uacf5)\n", "college": 3}}, {"model": "user.department", "pk": 70, "fields": {"name": "\uc5d0\ub108\uc9c0\uc790\uc6d0\uacf5\ud559\uacfc\n", "college": 3}}, {"model": "user.department", "pk": 71, "fields": {"name": "\uae30\uacc4\ud56d\uacf5\uacf5\ud559\ubd80(\uba40\ud2f0\uc2a4\ucf00\uc77c\uae30\uacc4\uc124\uacc4\uc804\uacf5)\n", "college": 3}}, {"model": "user.department", "pk": 72, "fields": {"name": "\ub18d\uc0b0\uc5c5\uad50\uc721\uacfc\n", "college": 19}}, {"model": "user.department", "pk": 73, "fields": {"name": "\uc2dd\ubb3c\uc0dd\uc0b0\uacfc\ud559\ubd80(\uc0b0\uc5c5\uc778\ub825\uac1c\ubc1c\ud559\uc804\uacf5)\n", "college": 19}}, {"model": "user.department", "pk": 74, "fields": {"name": "\uc751\uc6a9\uc0dd\ubb3c\ud654\ud559\ubd80(\uc751\uc6a9\uc0dd\uba85\ud654\ud559\uc804\uacf5)\n", "college": 19}}, {"model": "user.department", "pk": 75, "fields": {"name": "\ub18d\uacbd\uc81c\uc0ac\ud68c\ud559\ubd80(\uc9c0\uc5ed\uc815\ubcf4\uc804\uacf5)\n", "college": 19}}, {"model": "user.department", "pk": 76, "fields": {"name": "\uc0b0\ub9bc\uacfc\ud559\ubd80(\uc0b0\ub9bc\ud658\uacbd\ud559\uc804\uacf5)\n", "college": 19}}, {"model": "user.department", "pk": 77, "fields": {"name": "\ubc14\uc774\uc624\uc2dc\uc2a4\ud15c\u00b7\uc18c\uc7ac\ud559\ubd80(\ubc14\uc774\uc624\uc2dc\uc2a4\ud15c\uacf5\ud559\uc804\uacf5)\n", "college": 19}}, {"model": "user.department", "pk": 78, "fields": {"name": "\ubc14\uc774\uc624\uc2dc\uc2a4\ud15c\u00b7\uc18c\uc7ac\ud559\ubd80(\ubc14\uc774\uc624\uc18c\uc7ac\uacf5\ud559\uc804\uacf5)\n", "college": 19}}, {"model": "user.department", "pk": 79, "fields": {"name": "\uc0dd\ud0dc\uc870\uacbd\u00b7\uc9c0\uc5ed\uc2dc\uc2a4\ud15c\uacf5\ud559\ubd80(\uc0dd\ud0dc\uc870\uacbd\ud559\uc804\uacf5)\n", "college": 19}}, {"model": "user.department", "pk": 80, "fields": {"name": "\ub18d\uc0dd\uba85\uacf5\ud559\ubd80\n", "college": 19}}, {"model": "user.department", "pk": 81, "fields": {"name": "\uc218\uc758\ud559\uacfc\n", "college": 20}}, {"model": "user.department", "pk": 82, "fields": {"name": "\ub3d9\uc591\ud654\uacfc\n", "college": 4}}, {"model": "user.department", "pk": 83, "fields": {"name": "\ub514\uc790\uc778\ud559\ubd80(\ub514\uc790\uc778\uc804\uacf5)\n", "college": 4}}, {"model": "user.department", "pk": 84, "fields": {"name": "\ub514\uc790\uc778\ud559\ubd80(\uc5f0\uacc4\uc804\uacf5 \ud1b5\ud569\ucc3d\uc758\ub514\uc790\uc778)\n", "college": 4}}, {"model": "user.department", "pk": 85, "fields": {"name": "\ud611\ub3d9\uacfc\uc815 \ubbf8\uc220\uacbd\uc601(\ubbf8\uc220\uacbd\uc601\uc804\uacf5)\n", "college": 4}}, {"model": "user.department", "pk": 86, "fields": {"name": "\ub514\uc790\uc778\ud559\ubd80(\uacf5\uc608\uc804\uacf5)\n", "college": 4}}, {"model": "user.department", "pk": 87, "fields": {"name": "\uc131\uc545\uacfc\n", "college": 5}}, {"model": "user.department", "pk": 88, "fields": {"name": "\uc791\uace1\uacfc(\uc791\uace1\uc804\uacf5)\n", "college": 5}}, {"model": "user.department", "pk": 89, "fields": {"name": "\uae30\uc545\uacfc(\ud53c\uc544\ub178\uc804\uacf5)\n", "college": 5}}, {"model": "user.department", "pk": 90, "fields": {"name": "\uc74c\uc545\uacfc\n", "college": 5}}, {"model": "user.department", "pk": 91, "fields": {"name": "null(\uacfc\ud559\uad50\uc721\uacc4)\n", "college": 13}}, {"model": "user.department", "pk": 92, "fields": {"name": "\uad50\uc721\ud559\uacfc\n", "college": 13}}, {"model": "user.department", "pk": 93, "fields": {"name": "\ud611\ub3d9\uacfc\uc815 \ubbf8\uc220\uad50\uc721\uc804\uacf5\n", "college": 13}}, {"model": "user.department", "pk": 94, "fields": {"name": "\ud611\ub3d9\uacfc\uc815 \uac00\uc815\uad50\uc721\uc804\uacf5\n", "college": 13}}, {"model": "user.department", "pk": 95, "fields": {"name": "\uc601\uc5b4\uad50\uc721\uacfc\n", "college": 13}}, {"model": "user.department", "pk": 96, "fields": {"name": "\ubd88\uc5b4\uad50\uc721\uacfc\n", "college": 13}}, {"model": "user.department", "pk": 97, "fields": {"name": "\uc5ed\uc0ac\uad50\uc721\uacfc\n", "college": 13}}, {"model": "user.department", "pk": 98, "fields": {"name": "\uc9c0\ub9ac\uad50\uc721\uacfc\n", "college": 13}}, {"model": "user.department", "pk": 99, "fields": {"name": "\uc724\ub9ac\uad50\uc721\uacfc\n", "college": 13}}, {"model": "user.department", "pk": 100, "fields": {"name": "\uc218\ud559\uad50\uc721\uacfc\n", "college": 13}}, {"model": "user.department", "pk": 101, "fields": {"name": "\ubb3c\ub9ac\uad50\uc721\uacfc\n", "college": 13}}, {"model": "user.department", "pk": 102, "fields": {"name": "\uacfc\ud559\uad50\uc721\uacfc(\ud654\ud559\uc804\uacf5)\n", "college": 13}}, {"model": "user.department", "pk": 103, "fields": {"name": "\uc0dd\ubb3c\uad50\uc721\uacfc(\uc0dd\ubb3c\uad50\uc721\uc804\uacf5)\n", "college": 13}}, {"model": "user.department", "pk": 104, "fields": {"name": "\uccb4\uc721\uad50\uc721\uacfc\n", "college": 13}}, {"model": "user.department", "pk": 105, "fields": {"name": "\ud611\ub3d9\uacfc\uc815 \uae00\ub85c\ubc8c\uad50\uc721\ud611\ub825\uc804\uacf5\n", "college": 13}}, {"model": "user.department", "pk": 106, "fields": {"name": "\uc758\ud559\uacfc(\ubcd1\ub9ac\ud559\uc804\uacf5)\n", "college": 14}}, {"model": "user.department", "pk": 107, "fields": {"name": "\uc758\ud559\uacfc(\uc778\ubb38\uc758\ud559\uc804\uacf5)\n", "college": 14}}, {"model": "user.department", "pk": 108, "fields": {"name": "\uc758\ud559\uacfc(\uc911\uac1c\uc758\ud559\uc804\uacf5)\n", "college": 14}}, {"model": "user.department", "pk": 109, "fields": {"name": "\uc758\ud559\uacfc\n", "college": 14}}, {"model": "user.department", "pk": 110, "fields": {"name": "\uc758\ud559\uacfc(\uac00\uc815\uc758\ud559\uc804\uacf5)\n", "college": 14}}, {"model": "user.department", "pk": 111, "fields": {"name": "\ud611\ub3d9\uacfc\uc815 \uc885\uc591\uc0dd\ubb3c\ud559\uc804\uacf5\n", "college": 14}}, {"model": "user.department", "pk": 112, "fields": {"name": "\ud611\ub3d9\uacfc\uc815 \uc784\uc0c1\uc57d\ub9ac\ud559\uc804\uacf5\n", "college": 14}}, {"model": "user.department", "pk": 113, "fields": {"name": "\uc758\uacfc\ud559\uacfc\n", "college": 14}}, {"model": "user.department", "pk": 114, "fields": {"name": "\uc784\uc0c1\uc758\uacfc\ud559\uacfc\n", "college": 14}}, {"model": "user.department", "pk": 115, "fields": {"name": "\uad6d\uc81c\ud559\uacfc(\uad6d\uc81c\ud1b5\uc0c1\uc804\uacf5)\n", "college": 21}}, {"model": "user.department", "pk": 116, "fields": {"name": "\uad6d\uc81c\ud559\uacfc(\uad6d\uc81c\ud611\ub825\uc804\uacf5)\n", "college": 21}}, {"model": "user.department", "pk": 117, "fields": {"name": "\uad6d\uc81c\ud559\uacfc(\uad6d\uc81c\uc9c0\uc5ed\ud559\uc804\uacf5)\n", "college": 21}}, {"model": "user.department", "pk": 118, "fields": {"name": "\ubcf4\uac74\ud559\uacfc(\ubcf4\uac74\uc815\ucc45\uad00\ub9ac\ud559\uc804\uacf5)\n", "college": 16}}, {"model": "user.department", "pk": 119, "fields": {"name": "\ubcf4\uac74\ud559\uacfc(\ubcf4\uac74\ud559\uc804\uacf5)\n", "college": 16}}, {"model": "user.department", "pk": 120, "fields": {"name": "\ud611\ub3d9\uacfc\uc815  \uc870\uacbd\ud559\n", "college": 9}}, {"model": "user.department", "pk": 121, "fields": {"name": "\uad6d\uc5b4\uad6d\ubb38\ud559\uacfc(\uc5f0\uacc4\uc804\uacf5 \uace0\uc804\ubb38\ud5cc\ud559)\n", "college": 1}}, {"model": "user.department", "pk": 122, "fields": {"name": "\ud611\ub3d9\uacfc\uc815 \uae30\ub85d\ud559\uc804\uacf5(\uae30\ub85d\ud559\uc804\uacf5)\n", "college": 1}}, {"model": "user.department", "pk": 123, "fields": {"name": "\ud611\ub3d9\uacfc\uc815 \uae30\uc220\uacbd\uc601\u00b7\uacbd\uc81c\u00b7\uc815\ucc45\uc804\uacf5\n", "college": 3}}, {"model": "user.department", "pk": 124, "fields": {"name": "\uc870\uc120\ud574\uc591\uacf5\ud559\uacfc\n", "college": 3}}, {"model": "user.department", "pk": 125, "fields": {"name": "\uae30\uc545\uacfc(\ud604\uc545\uc804\uacf5)\n", "college": 5}}, {"model": "user.department", "pk": 126, "fields": {"name": "\uae30\uc545\uacfc(\uad00\uc545\uc804\uacf5)\n", "college": 5}}, {"model": "user.department", "pk": 127, "fields": {"name": "\uce58\uc758\ud559\uacfc(\uce58\uc758\ud559\ud559\uc0ac\uacfc\uc815)\n", "college": 15}}, {"model": "user.department", "pk": 128, "fields": {"name": "\ud589\uc815\ud559\uacfc\n", "college": 24}}, {"model": "user.department", "pk": 129, "fields": {"name": "\uc758\uc608\uacfc\n", "college": 14}}, {"model": "user.department", "pk": 130, "fields": {"name": "\uc804\uae30\u00b7\uc815\ubcf4\uacf5\ud559\ubd80\n", "college": 3}}, {"model": "user.department", "pk": 131, "fields": {"name": "\uc544\uc2dc\uc544\uc5b8\uc5b4\ubb38\uba85\ud559\ubd80\n", "college": 1}}, {"model": "user.department", "pk": 132, "fields": {"name": "\uc735\ud569\uacfc\ud559\ubd80(\ub098\ub178\uc735\ud569\uc804\uacf5)\n", "college": 11}}, {"model": "user.department", "pk": 133, "fields": {"name": "\uc735\ud569\uacfc\ud559\ubd80(\uc9c0\ub2a5\ud615\uc735\ud569\uc2dc\uc2a4\ud15c\uc804\uacf5)\n", "college": 11}}, {"model": "user.department", "pk": 134, "fields": {"name": "\uc735\ud569\uacfc\ud559\ubd80(\ubc29\uc0ac\uc120\uc735\ud569\uc758\uc0dd\uba85\uc804\uacf5)\n", "college": 11}}, {"model": "user.department", "pk": 135, "fields": {"name": "\ud611\ub3d9\uacfc\uc815 \ud574\uc591\ud50c\ub79c\ud2b8\uc5d4\uc9c0\ub2c8\uc5b4\ub9c1\uc804\uacf5\n", "college": 3}}, {"model": "user.department", "pk": 136, "fields": {"name": "\uc2dd\ubb3c\uc0dd\uc0b0\uacfc\ud559\ubd80(\uc6d0\uc608\uc0dd\uba85\uacf5\ud559\uc804\uacf5)\n", "college": 19}}, {"model": "user.department", "pk": 137, "fields": {"name": "\uc18c\ube44\uc790\uc544\ub3d9\ud559\ubd80(\uc544\ub3d9\uac00\uc871\ud559\uc804\uacf5)\n", "college": 18}}, {"model": "user.department", "pk": 138, "fields": {"name": "\ud589\uc815\ud559\uacfc(\uae00\ub85c\ubc8c\ud589\uc815\uc804\uacf5)\n", "college": 24}}, {"model": "user.department", "pk": 139, "fields": {"name": "\ud611\ub3d9\uacfc\uc815 \uc904\uae30\uc138\ud3ec\uc0dd\ubb3c\ud559\uc804\uacf5\n", "college": 14}}, {"model": "user.department", "pk": 140, "fields": {"name": "\uc751\uc6a9\uacf5\ud559\uacfc\n", "college": 25}}, {"model": "user.department", "pk": 141, "fields": {"name": "\uad6d\uc81c\ub18d\uc5c5\uae30\uc220\ud559\uacfc\n", "college": 26}}, {"model": "user.department", "pk": 142, "fields": {"name": "\uc0dd\uba85\uacfc\ud559\ubd80(\uc5f0\uacc4\uc804\uacf5 \uacfc\ud559\uae30\uc220\ud559)\n", "college": 2}}, {"model": "user.department", "pk": 143, "fields": {"name": "\ucca0\ud559\uacfc(\uc5f0\uacc4\uc804\uacf5 \uc815\uce58-\uacbd\uc81c-\ucca0\ud559)\n", "college": 1}}, {"model": "user.department", "pk": 144, "fields": {"name": "\uc5b8\uc5b4\ud559\uacfc(\uc5f0\uacc4\uc804\uacf5 \uc778\ubb38\ub370\uc774\ud130\uacfc\ud559)\n", "college": 1}}, {"model": "user.department", "pk": 145, "fields": {"name": "\uad6d\uc0ac\ud559\uacfc(\uc5f0\ud569\uc804\uacf5 \ub3d9\uc544\uc2dc\uc544\ube44\uad50\uc778\ubb38\ud559)\n", "college": 1}}, {"model": "user.department", "pk": 146, "fields": {"name": "\uc758\ud559\uacfc(\ud574\ubd80\ud559\uc804\uacf5)\n", "college": 14}}, {"model": "user.department", "pk": 147, "fields": {"name": "\uc758\ud559\uacfc(\uc815\uc2e0\uacfc\ud559\uc804\uacf5)\n", "college": 14}}, {"model": "user.department", "pk": 148, "fields": {"name": "\uc758\ud559\uacfc(\uac80\uc0ac\uc758\ud559\uc804\uacf5)\n", "college": 14}}, {"model": "user.department", "pk": 149, "fields": {"name": "\uc758\ud559\uacfc(\uc7ac\ud65c\uc758\ud559\uc804\uacf5)\n", "college": 14}}, {"model": "user.department", "pk": 150, "fields": {"name": "\uc758\ud559\uacfc(\ud575\uc758\ud559\uc804\uacf5)\n", "college": 14}}, {"model": "user.department", "pk": 151, "fields": {"name": "\uc758\ud559\uacfc(\uc751\uae09\uc758\ud559\uc804\uacf5)\n", "college": 14}}, {"model": "user.department", "pk": 152, "fields": {"name": "\ud658\uacbd\uc870\uacbd\ud559\uacfc(\ub3c4\uc2dc\ud658\uacbd\uc124\uacc4\uc804\uacf5)\n", "college": 9}}, {"model": "user.department", "pk": 153, "fields": {"name": "\uc0ac\ud68c\uad50\uc721\uacfc\n", "college": 13}}, {"model": "user.department", "pk": 154, "fields": {"name": "\ubd88\uc5b4\ubd88\ubb38\ud559\uacfc\n", "college": 1}}, {"model": "user.department", "pk": 155, "fields": {"name": "\ub178\uc5b4\ub178\ubb38\ud559\uacfc\n", "college": 1}}, {"model": "user.department", "pk": 156, "fields": {"name": "\uc11c\uc5b4\uc11c\ubb38\ud559\uacfc\n", "college": 1}}, {"model": "user.department", "pk": 157, "fields": {"name": "\ud611\ub3d9\uacfc\uc815  \uc11c\uc591\uace0\uc804\ud559\uc804\uacf5\n", "college": 1}}, {"model": "user.department", "pk": 158, "fields": {"name": "\uc9c0\uad6c\uacfc\ud559\uad50\uc721\uacfc\n", "college": 13}}, {"model": "user.department", "pk": 159, "fields": {"name": "\ub18d\uacbd\uc81c\uc0ac\ud68c\ud559\ubd80(\ub18d\uc5c5\u00b7\uc790\uc6d0\uacbd\uc81c\ud559\uc804\uacf5)\n", "college": 19}}, {"model": "user.department", "pk": 160, "fields": {"name": "\ud611\ub3d9\uacfc\uc815 \uacfc\ud559\uc0ac \ubc0f \uacfc\ud559\ucca0\ud559\uc804\uacf5\n", "college": 2}}, {"model": "user.department", "pk": 161, "fields": {"name": "\uc2dd\ud488\u00b7\ub3d9\ubb3c\uc0dd\uba85\uacf5\ud559\ubd80(\ub3d9\ubb3c\uc0dd\uba85\uacf5\ud559\uc804\uacf5)\n", "college": 19}}, {"model": "user.department", "pk": 162, "fields": {"name": "\uc751\uc6a9\uc0dd\ubb3c\ud654\ud559\ubd80\n", "college": 19}}, {"model": "user.department", "pk": 163, "fields": {"name": "\uc0b0\uc5c5\uacf5\ud559\uacfc(\uc5f0\ud569\uc804\uacf5 \uae30\uc220\uacbd\uc601)\n", "college": 3}}, {"model": "user.department", "pk": 164, "fields": {"name": "\uc601\uc5b4\uc601\ubb38\ud559\uacfc(\uc5f0\uacc4\uc804\uacf5 \ubbf8\uad6d\ud559)\n", "college": 1}}, {"model": "user.department", "pk": 165, "fields": {"name": "\ub178\uc5b4\ub178\ubb38\ud559\uacfc(\uc5f0\uacc4\uc804\uacf5 \ub7ec\uc2dc\uc544\ud559)\n", "college": 1}}, {"model": "user.department", "pk": 166, "fields": {"name": "\uc11c\uc5b4\uc11c\ubb38\ud559\uacfc(\uc5f0\uacc4\uc804\uacf5 \ub77c\ud2f4\uc544\uba54\ub9ac\uce74\ud559)\n", "college": 1}}, {"model": "user.department", "pk": 167, "fields": {"name": "\ucca0\ud559\uacfc(\uc11c\uc591\ucca0\ud559\uc804\uacf5)\n", "college": 1}}, {"model": "user.department", "pk": 168, "fields": {"name": "\ucca0\ud559\uacfc(\ub3d9\uc591\ucca0\ud559\uc804\uacf5)\n", "college": 1}}, {"model": "user.department", "pk": 169, "fields": {"name": "\ud611\ub3d9\uacfc\uc815  \uc778\uc9c0\uacfc\ud559\uc804\uacf5\n", "college": 1}}, {"model": "user.department", "pk": 170, "fields": {"name": "\ud611\ub3d9\uacfc\uc815 \uacf5\uc5f0\uc608\uc220\ud559\uc804\uacf5(\uacf5\uc5f0\uc608\uc220\ud559\uc804\uacf5)\n", "college": 1}}, {"model": "user.department", "pk": 171, "fields": {"name": "\uc678\uad50\ud559\uacfc(\uc5f0\uacc4\uc804\uacf5 \uc720\ub7fd\uc9c0\uc5ed\ud559)\n", "college": 8}}, {"model": "user.department", "pk": 172, "fields": {"name": "\uc2ec\ub9ac\ud559\uacfc(\uc5f0\uacc4\uc804\uacf5 \ub1cc-\ub9c8\uc74c-\ud589\ub3d9)\n", "college": 8}}, {"model": "user.department", "pk": 173, "fields": {"name": "\uc751\uc6a9\uc0dd\ubb3c\ud654\ud559\ubd80(\uc751\uc6a9\uc0dd\ubb3c\ud559\uc804\uacf5)\n", "college": 19}}, {"model": "user.department", "pk": 174, "fields": {"name": "\ud611\ub3d9\uacfc\uc815 \uc720\uc804\uacf5\ud559\uc804\uacf5(\uc720\uc804\uacf5\ud559\uc804\uacf5)\n", "college": 2}}, {"model": "user.department", "pk": 175, "fields": {"name": "\uc9c0\uad6c\ud658\uacbd\uacfc\ud559\ubd80(\uc5f0\ud569\uc804\uacf5 \uacc4\uc0b0\uacfc\ud559)\n", "college": 2}}, {"model": "user.department", "pk": 176, "fields": {"name": "\ud611\ub3d9\uacfc\uc815 \uacc4\uc0b0\uacfc\ud559\uc804\uacf5\n", "college": 2}}, {"model": "user.department", "pk": 177, "fields": {"name": "\uc544\ub3d9\uac00\uc871\ud559\uacfc\n", "college": 18}}, {"model": "user.department", "pk": 178, "fields": {"name": "\ud611\ub3d9\uacfc\uc815 \uc720\uc544\uad50\uc721\uc804\uacf5\n", "college": 13}}, {"model": "user.department", "pk": 179, "fields": {"name": "\ud611\ub3d9\uacfc\uc815 \ub3c4\uc2dc\uc124\uacc4\ud559\uc804\uacf5(\ub3c4\uc2dc\uc124\uacc4\ud559\uc804\uacf5)\n", "college": 3}}, {"model": "user.department", "pk": 180, "fields": {"name": "\uc870\uacbd\u00b7\uc9c0\uc5ed\uc2dc\uc2a4\ud15c\uacf5\ud559\ubd80(\uc9c0\uc5ed\uc2dc\uc2a4\ud15c\uacf5\ud559\uc804\uacf5)\n", "college": 19}}, {"model": "user.department", "pk": 181, "fields": {"name": "\ud654\ud559\uc0dd\ubb3c\uacf5\ud559\ubd80\n", "college": 3}}, {"model": "user.department", "pk": 182, "fields": {"name": "\uc5d0\ub108\uc9c0\uc2dc\uc2a4\ud15c\uacf5\ud559\ubd80(\uc5d0\ub108\uc9c0\uc790\uc6d0\uacf5\ud559\uc804\uacf5)\n", "college": 3}}, {"model": "user.department", "pk": 183, "fields": {"name": "\ud611\ub3d9\uacfc\uc815 \ubc14\uc774\uc624\uc5d4\uc9c0\ub2c8\uc5b4\ub9c1\uc804\uacf5\n", "college": 3}}, {"model": "user.department", "pk": 184, "fields": {"name": "\uc735\ud569\uacfc\ud559\ubd80\n", "college": 11}}, {"model": "user.department", "pk": 185, "fields": {"name": "\ubd84\uc790\uc758\ud559 \ubc0f \ubc14\uc774\uc624\uc81c\uc57d\ud559\uacfc\n", "college": 11}}, {"model": "user.department", "pk": 186, "fields": {"name": "\uc2dd\ubb3c\uc0dd\uc0b0\uacfc\ud559\ubd80(\uc791\ubb3c\uc0dd\uba85\uacfc\ud559\uc804\uacf5)\n", "college": 19}}, {"model": "user.department", "pk": 187, "fields": {"name": "\uc2dd\ud488\u00b7\ub3d9\ubb3c\uc0dd\uba85\uacf5\ud559\ubd80(\uc2dd\ud488\uc0dd\uba85\uacf5\ud559\uc804\uacf5)\n", "college": 19}}, {"model": "user.department", "pk": 188, "fields": {"name": "\uc0b0\ub9bc\uacfc\ud559\ubd80(\ud658\uacbd\uc7ac\ub8cc\uacfc\ud559\uc804\uacf5)\n", "college": 19}}, {"model": "user.department", "pk": 189, "fields": {"name": "\uc870\uacbd\u00b7\uc9c0\uc5ed\uc2dc\uc2a4\ud15c\uacf5\ud559\ubd80(\uc870\uacbd\ud559\uc804\uacf5)\n", "college": 19}}, {"model": "user.department", "pk": 190, "fields": {"name": "\uc0dd\ud0dc\uc870\uacbd\u00b7\uc9c0\uc5ed\uc2dc\uc2a4\ud15c\uacf5\ud559\ubd80(\uc9c0\uc5ed\uc2dc\uc2a4\ud15c\uacf5\ud559\uc804\uacf5)\n", "college": 19}}, {"model": "user.department", "pk": 191, "fields": {"name": "\ud611\ub3d9\uacfc\uc815 \ub18d\uc0dd\uba85\uc720\uc804\uccb4\ud559\uc804\uacf5\n", "college": 19}}, {"model": "user.department", "pk": 192, "fields": {"name": "\ub18d\uc0dd\uba85\uacf5\ud559\ubd80(\ubc14\uc774\uc624\ubaa8\ub4c8\ub808\uc774\uc158\uc804\uacf5)\n", "college": 19}}, {"model": "user.department", "pk": 193, "fields": {"name": "\uc0b0\ub9bc\uacfc\ud559\ubd80(\uc5f0\ud569\uc804\uacf5 \uae00\ub85c\ubc8c\ud658\uacbd\uacbd\uc601\ud559)\n", "college": 19}}, {"model": "user.department", "pk": 194, "fields": {"name": "\ud611\ub3d9\uacfc\uc815 \ub18d\ub9bc\uae30\uc0c1\ud559\n", "college": 19}}, {"model": "user.department", "pk": 195, "fields": {"name": "\uc218\uc758\uc608\uacfc\n", "college": 20}}, {"model": "user.department", "pk": 196, "fields": {"name": "\ubbf8\uc220\ud559\uacfc(\ub3d9\uc591\ud654\uc804\uacf5)\n", "college": 4}}, {"model": "user.department", "pk": 197, "fields": {"name": "\ubbf8\uc220\ud559\uacfc(\uc11c\uc591\ud654\u00b7\ud310\ud654\uc804\uacf5)\n", "college": 4}}, {"model": "user.department", "pk": 198, "fields": {"name": "\uc870\uc18c\uacfc(\uc5f0\ud569\uc804\uacf5 \uc601\uc0c1\ub9e4\uccb4\uc608\uc220)\n", "college": 4}}, {"model": "user.department", "pk": 199, "fields": {"name": "\uad6d\uc5b4\uad50\uc721\uacfc\n", "college": 13}}, {"model": "user.department", "pk": 200, "fields": {"name": "\ud611\ub3d9\uacfc\uc815 \uc74c\uc545\uad50\uc721\uc804\uacf5\n", "college": 13}}, {"model": "user.department", "pk": 201, "fields": {"name": "\uc678\uad6d\uc5b4\uad50\uc721\uacfc(\uc601\uc5b4\uc804\uacf5)\n", "college": 13}}, {"model": "user.department", "pk": 202, "fields": {"name": "\uc678\uad6d\uc5b4\uad50\uc721\uacfc(\ubd88\uc5b4\uc804\uacf5)\n", "college": 13}}, {"model": "user.department", "pk": 203, "fields": {"name": "\uc678\uad6d\uc5b4\uad50\uc721\uacfc(\ub3c5\uc5b4\uc804\uacf5)\n", "college": 13}}, {"model": "user.department", "pk": 204, "fields": {"name": "\uc0ac\ud68c\uad50\uc721\uacfc(\uc5ed\uc0ac\uc804\uacf5)\n", "college": 13}}, {"model": "user.department", "pk": 205, "fields": {"name": "\uc0ac\ud68c\uad50\uc721\uacfc(\uc9c0\ub9ac\uc804\uacf5)\n", "college": 13}}, {"model": "user.department", "pk": 206, "fields": {"name": "\uc0ac\ud68c\uad50\uc721\uacfc(\uc77c\ubc18\uc0ac\ud68c\uc804\uacf5)\n", "college": 13}}, {"model": "user.department", "pk": 207, "fields": {"name": "\uacfc\ud559\uad50\uc721\uacfc\n", "college": 13}}, {"model": "user.department", "pk": 208, "fields": {"name": "\uacfc\ud559\uad50\uc721\uacfc(\ubb3c\ub9ac\uc804\uacf5)\n", "college": 13}}, {"model": "user.department", "pk": 209, "fields": {"name": "\ud654\ud559\uad50\uc721\uacfc(\ud654\ud559\uad50\uc721\uc804\uacf5)\n", "college": 13}}, {"model": "user.department", "pk": 210, "fields": {"name": "\uacfc\ud559\uad50\uc721\uacfc(\uc0dd\ubb3c\uc804\uacf5)\n", "college": 13}}, {"model": "user.department", "pk": 211, "fields": {"name": "\uacfc\ud559\uad50\uc721\uacfc(\uc9c0\uad6c\uacfc\ud559\uc804\uacf5)\n", "college": 13}}, {"model": "user.department", "pk": 212, "fields": {"name": "\ud611\ub3d9\uacfc\uc815 \ud2b9\uc218\uad50\uc721\uc804\uacf5\n", "college": 13}}, {"model": "user.department", "pk": 213, "fields": {"name": "\ud611\ub3d9\uacfc\uc815 \ud658\uacbd\uad50\uc721\uc804\uacf5\n", "college": 13}}, {"model": "user.department", "pk": 214, "fields": {"name": "\uc758\ud559\uacfc(\uc758\uacf5\ud559\uc804\uacf5)\n", "college": 14}}, {"model": "user.department", "pk": 215, "fields": {"name": "\uc758\ud559\uacfc(\uc608\ubc29\uc758\ud559\uc804\uacf5)\n", "college": 14}}, {"model": "user.department", "pk": 216, "fields": {"name": "\uc758\ud559\uacfc(\uc758\ud559\uad50\uc721\ud559\uc804\uacf5)\n", "college": 14}}, {"model": "user.department", "pk": 217, "fields": {"name": "\uc758\ud559\uacfc(\uae30\uc0dd\ucda9\ud559\uc804\uacf5)\n", "college": 14}}, {"model": "user.department", "pk": 218, "fields": {"name": "\uc758\ud559\uacfc(\ubbf8\uc0dd\ubb3c\ud559\uc804\uacf5)\n", "college": 14}}, {"model": "user.department", "pk": 219, "fields": {"name": "\uc758\ud559\uacfc(\uc758\ub8cc\uad00\ub9ac\ud559\uc804\uacf5)\n", "college": 14}}, {"model": "user.department", "pk": 220, "fields": {"name": "\uc758\ud559\uacfc(\ubc95\uc758\ud559\uc804\uacf5)\n", "college": 14}}, {"model": "user.department", "pk": 221, "fields": {"name": "\uc758\ud559\uacfc(\uba74\uc5ed\ud559\uc804\uacf5)\n", "college": 14}}, {"model": "user.department", "pk": 222, "fields": {"name": "\uc758\ud559\uacfc(\uc0b0\ubd80\uc778\uacfc\ud559\uc804\uacf5)\n", "college": 14}}, {"model": "user.department", "pk": 223, "fields": {"name": "\uc758\ud559\uacfc(\ud749\ubd80\uc678\uacfc\ud559\uc804\uacf5)\n", "college": 14}}, {"model": "user.department", "pk": 224, "fields": {"name": "\uc758\ud559\uacfc(\ub1cc\uc2e0\uacbd\uacfc\ud559\uc804\uacf5)\n", "college": 14}}, {"model": "user.department", "pk": 225, "fields": {"name": "\uc758\ud559\uacfc(\uc678\uacfc\ud559\uc804\uacf5)\n", "college": 14}}, {"model": "user.department", "pk": 226, "fields": {"name": "\uc758\ud559\uacfc(\ubd84\uc790\uc720\uc804\uccb4\uc758\ud559\uc804\uacf5)\n", "college": 14}}, {"model": "user.department", "pk": 227, "fields": {"name": "\uc758\ud559\uacfc(\ud53c\ubd80\uacfc\ud559\uc804\uacf5)\n", "college": 14}}, {"model": "user.department", "pk": 228, "fields": {"name": "\uc758\ud559\uacfc(\uc774\ube44\uc778\ud6c4\uacfc\ud559\uc804\uacf5)\n", "college": 14}}, {"model": "user.department", "pk": 229, "fields": {"name": "\uc758\ud559\uacfc(\uc131\ud615\uc678\uacfc\ud559\uc804\uacf5)\n", "college": 14}}, {"model": "user.department", "pk": 230, "fields": {"name": "\uc758\ud559\uacfc(\uc2e0\uacbd\uc678\uacfc\ud559\uc804\uacf5)\n", "college": 14}}, {"model": "user.department", "pk": 231, "fields": {"name": "\uc758\ud559\uacfc(\uc548\uacfc\ud559\uc804\uacf5)\n", "college": 14}}, {"model": "user.department", "pk": 232, "fields": {"name": "\uc758\ud559\uacfc(\ube44\ub1e8\uae30\uacfc\ud559\uc804\uacf5)\n", "college": 14}}, {"model": "user.department", "pk": 233, "fields": {"name": "\uc758\ud559\uacfc(\uc601\uc0c1\uc758\ud559\uc804\uacf5)\n", "college": 14}}, {"model": "user.department", "pk": 234, "fields": {"name": "\uc758\ud559\uacfc(\ub9c8\ucde8\ud1b5\uc99d\uc758\ud559\uc804\uacf5)\n", "college": 14}}, {"model": "user.department", "pk": 235, "fields": {"name": "\uc758\ud559\uacfc(\ubc29\uc0ac\uc120\uc885\uc591\ud559\uc804\uacf5)\n", "college": 14}}, {"model": "user.department", "pk": 236, "fields": {"name": "\uc758\ud559\uacfc(\uc18c\uc544\uacfc\ud559\uc804\uacf5)\n", "college": 14}}, {"model": "user.department", "pk": 237, "fields": {"name": "\ud611\ub3d9\uacfc\uc815 \uc758\ub8cc\uc815\ubcf4\ud559\uc804\uacf5\n", "college": 14}}, {"model": "user.department", "pk": 238, "fields": {"name": "\uce58\uc758\uacfc\ud559\uacfc\n", "college": 27}}, {"model": "user.department", "pk": 239, "fields": {"name": "\uce58\uc758\ud559\uacfc\n", "college": 15}}, {"model": "user.department", "pk": 240, "fields": {"name": "\uad6d\uc81c\ud559\uacfc\n", "college": 21}}, {"model": "user.department", "pk": 241, "fields": {"name": "\uad6d\uc81c\ud559\uacfc(\ud55c\uad6d\ud559\uc804\uacf5)\n", "college": 21}}, {"model": "user.department", "pk": 242, "fields": {"name": "\uacf5\uae30\uc5c5\uc815\ucc45\ud559\uacfc\n", "college": 24}}, {"model": "user.department", "pk": 243, "fields": {"name": "\ud658\uacbd\uc870\uacbd\ud559\uacfc\n", "college": 9}}, {"model": "user.department", "pk": 244, "fields": {"name": "\ubb34\uc18c\uc18d\ud559\uacfc\n", "college": 28}}, {"model": "article.tagcolor", "pk": 1, "fields": {"name": "danger-color", "rgb": "#FF4444"}}, {"model": "article.tagcolor", "pk": 2, "fields": {"name": "danger-color-dark", "rgb": "#CC0000"}}, {"model": "article.tagcolor", "pk": 3, "fields": {"name": "warning-color", "rgb": "#FFBB33"}}, {"model": "article.tagcolor", "pk": 4, "fields": {"name": "waring-color-dark", "rgb": "#FF8800"}}, {"model": "article.tagcolor", "pk": 5, "fields": {"name": "success-color", "rgb": "#00C851"}}, {"model": "article.tagcolor", "pk": 6, "fields": {"name": "success-color-dark", "rgb": "#007E33"}}, {"model": "article.tagcolor", "pk": 7, "fields": {"name": "info-color", "rgb": "#33B5E5"}}, {"model": "article.tagcolor", "pk": 8, "fields": {"name": "info-color-dark", "rgb": "#0099CC"}}, {"model": "article.tagcolor", "pk": 9, "fields": {"name": "default-color", "rgb": "#2BBBAD"}}, {"model": "article.tagcolor", "pk": 10, "fields": {"name": "default-color-dark", "rgb": "#00695C"}}, {"model": "article.tagcolor", "pk": 11, "fields": {"name": "primary-color", "rgb": "#4285F4"}}, {"model": "article.tagcolor", "pk": 12, "fields": {"name": "primary-color-dark", "rgb": "#0D47A1"}}, {"model": "article.tagcolor", "pk": 13, "fields": {"name": "secondary-color", "rgb": "#AA66CC"}}, {"model": "article.tagcolor", "pk": 14, "fields": {"name": "secondary-color-dark", "rgb": "#9933CC"}}, {"model": "article.tagcolor", "pk": 15, "fields": {"name": "elegant-color", "rgb": "#2E2E2E"}}, {"model": "article.tagcolor", "pk": 16, "fields": {"name": "elegant-color-dark", "rgb": "#212121"}}, {"model": "article.tagcolor", "pk": 17, "fields": {"name": "stylish-color", "rgb": "#4B515D"}}, {"model": "article.tagcolor", "pk": 18, "fields": {"name": "stylish-color-dark", "rgb": "#3E4551"}}, {"model": "article.tagcolor", "pk": 19, "fields": {"name": "unique-color", "rgb": "#3F729B"}}, {"model": "article.tagcolor", "pk": 20, "fields": {"name": "unique-color-dark", "rgb": "#1C2331"}}, {"model": "article.tagcolor", "pk": 21, "fields": {"name": "special-color", "rgb": "#37474F"}}, {"model": "article.tagcolor", "pk": 22, "fields": {"name": "special-color-dark", "rgb": "#263238"}}, {"model": "article.articletag", "pk": 3, "fields": {"name": "\uacf5\uc9c0", "color": 2}}, {"model": "article.articletag", "pk": 4, "fields": {"name": "QNA", "color": 11}}, {"model": "article.articletag", "pk": 5, "fields": {"name": "\uc7a1\ub2f4", "color": 15}}, {"model": "article.articletag", "pk": 6, "fields": {"name": "\uc77c\uc815", "color": 4}}, {"model": "article.articletype", "pk": 2, "fields": {"name": "\uc7a1\ub2f4"}}, {"model": "article.articletype", "pk": 3, "fields": {"name": "\uacf5\uc9c0"}}, {"model": "article.articletype", "pk": 4, "fields": {"name": "\uc77c\uc815"}}, {"model": "article.articletype", "pk": 5, "fields": {"name": "\ubaa8\uc784"}}, {"model": "interest.interesttag", "pk": 6, "fields": {"name": "\ub3d9\uc544\ub9ac", "color": 8}}, {"model": "interest.interesttag", "pk": 7, "fields": {"name": "\ud559\uc220", "color": 19}}, {"model": "interest.interesttag", "pk": 8, "fields": {"name": "\ud29c\ud130\ub9c1", "color": 13}}, {"model": "interest.interesttag", "pk": 9, "fields": {"name": "\ucde8\ubbf8", "color": 2}}, {"model": "interest.interesttag", "pk": 10, "fields": {"name": "\uac15\uc758", "color": 16}}, {"model": "auth.permission", "fields": {"name": "Can add log entry", "content_type": ["admin", "logentry"], "codename": "add_logentry"}}, {"model": "auth.permission", "fields": {"name": "Can change log entry", "content_type": ["admin", "logentry"], "codename": "change_logentry"}}, {"model": "auth.permission", "fields": {"name": "Can delete log entry", "content_type": ["admin", "logentry"], "codename": "delete_logentry"}}, {"model": "auth.permission", "fields": {"name": "Can view log entry", "content_type": ["admin", "logentry"], "codename": "view_logentry"}}, {"model": "auth.permission", "fields": {"name": "Can add permission", "content_type": ["auth", "permission"], "codename": "add_permission"}}, {"model": "auth.permission", "fields": {"name": "Can change permission", "content_type": ["auth", "permission"], "codename": "change_permission"}}, {"model": "auth.permission", "fields": {"name": "Can delete permission", "content_type": ["auth", "permission"], "codename": "delete_permission"}}, {"model": "auth.permission", "fields": {"name": "Can view permission", "content_type": ["auth", "permission"], "codename": "view_permission"}}, {"model": "auth.permission", "fields": {"name": "Can add group", "content_type": ["auth", "group"], "codename": "add_group"}}, {"model": "auth.permission", "fields": {"name": "Can change group", "content_type": ["auth", "group"], "codename": "change_group"}}, {"model": "auth.permission", "fields": {"name": "Can delete group", "content_type": ["auth", "group"], "codename": "delete_group"}}, {"model": "auth.permission", "fields": {"name": "Can view group", "content_type": ["auth", "group"], "codename": "view_group"}}, {"model": "auth.permission", "fields": {"name": "Can add content type", "content_type": ["contenttypes", "contenttype"], "codename": "add_contenttype"}}, {"model": "auth.permission", "fields": {"name": "Can change content type", "content_type": ["contenttypes", "contenttype"], "codename": "change_contenttype"}}, {"model": "auth.permission", "fields": {"name": "Can delete content type", "content_type": ["contenttypes", "contenttype"], "codename": "delete_contenttype"}}, {"model": "auth.permission", "fields": {"name": "Can view content type", "content_type": ["contenttypes", "contenttype"], "codename": "view_contenttype"}}, {"model": "auth.permission", "fields": {"name": "Can add session", "content_type": ["sessions", "session"], "codename": "add_session"}}, {"model": "auth.permission", "fields": {"name": "Can change session", "content_type": ["sessions", "session"], "codename": "change_session"}}, {"model": "auth.permission", "fields": {"name": "Can delete session", "content_type": ["sessions", "session"], "codename": "delete_session"}}, {"model": "auth.permission", "fields": {"name": "Can view session", "content_type": ["sessions", "session"], "codename": "view_session"}}, {"model": "auth.permission", "fields": {"name": "Can add Token", "content_type": ["authtoken", "token"], "codename": "add_token"}}, {"model": "auth.permission", "fields": {"name": "Can change Token", "content_type": ["authtoken", "token"], "codename": "change_token"}}, {"model": "auth.permission", "fields": {"name": "Can delete Token", "content_type": ["authtoken", "token"], "codename": "delete_token"}}, {"model": "auth.permission", "fields": {"name": "Can view Token", "content_type": ["authtoken", "token"], "codename": "view_token"}}, {"model": "auth.permission", "fields": {"name": "Can add department", "content_type": ["user", "department"], "codename": "add_department"}}, {"model": "auth.permission", "fields": {"name": "Can change department", "content_type": ["user", "department"], "codename": "change_department"}}, {"model": "auth.permission", "fields": {"name": "Can delete department", "content_type": ["user", "department"], "codename": "delete_department"}}, {"model": "auth.permission", "fields": {"name": "Can view department", "content_type": ["user", "department"], "codename": "view_department"}}, {"model": "auth.permission", "fields": {"name": "Can add college", "content_type": ["user", "college"], "codename": "add_college"}}, {"model": "auth.permission", "fields": {"name": "Can change college", "content_type": ["user", "college"], "codename": "change_college"}}, {"model": "auth.permission", "fields": {"name": "Can delete college", "content_type": ["user", "college"], "codename": "delete_college"}}, {"model": "auth.permission", "fields": {"name": "Can view college", "content_type": ["user", "college"], "codename": "view_college"}}, {"model": "auth.permission", "fields": {"name": "Can add user", "content_type": ["user", "user"], "codename": "add_user"}}, {"model": "auth.permission", "fields": {"name": "Can change user", "content_type": ["user", "user"], "codename": "change_user"}}, {"model": "auth.permission", "fields": {"name": "Can delete user", "content_type": ["user", "user"], "codename": "delete_user"}}, {"model": "auth.permission", "fields": {"name": "Can view user", "content_type": ["user", "user"], "codename": "view_user"}}, {"model": "auth.permission", "fields": {"name": "Can add comment", "content_type": ["comment", "comment"], "codename": "add_comment"}}, {"model": "auth.permission", "fields": {"name": "Can change comment", "content_type": ["comment", "comment"], "codename": "change_comment"}}, {"model": "auth.permission", "fields": {"name": "Can delete comment", "content_type": ["comment", "comment"], "codename": "delete_comment"}}, {"model": "auth.permission", "fields": {"name": "Can view comment", "content_type": ["comment", "comment"], "codename": "view_comment"}}, {"model": "auth.permission", "fields": {"name": "Can add article tag", "content_type": ["article", "articletag"], "codename": "add_articletag"}}, {"model": "auth.permission", "fields": {"name": "Can change article tag", "content_type": ["article", "articletag"], "codename": "change_articletag"}}, {"model": "auth.permission", "fields": {"name": "Can delete article tag", "content_type": ["article", "articletag"], "codename": "delete_articletag"}}, {"model": "auth.permission", "fields": {"name": "Can view article tag", "content_type": ["article", "articletag"], "codename": "view_articletag"}}, {"model": "auth.permission", "fields": {"name": "Can add article", "content_type": ["article", "article"], "codename": "add_article"}}, {"model": "auth.permission", "fields": {"name": "Can change article", "content_type": ["article", "article"], "codename": "change_article"}}, {"model": "auth.permission", "fields": {"name": "Can delete article", "content_type": ["article", "article"], "codename": "delete_article"}}, {"model": "auth.permission", "fields": {"name": "Can view article", "content_type": ["article", "article"], "codename": "view_article"}}, {"model": "auth.permission", "fields": {"name": "Can add article type", "content_type": ["article", "articletype"], "codename": "add_articletype"}}, {"model": "auth.permission", "fields": {"name": "Can change article type", "content_type": ["article", "articletype"], "codename": "change_articletype"}}, {"model": "auth.permission", "fields": {"name": "Can delete article type", "content_type": ["article", "articletype"], "codename": "delete_articletype"}}, {"model": "auth.permission", "fields": {"name": "Can view article type", "content_type": ["article", "articletype"], "codename": "view_articletype"}}, {"model": "auth.permission", "fields": {"name": "Can add interest", "content_type": ["interest", "interest"], "codename": "add_interest"}}, {"model": "auth.permission", "fields": {"name": "Can change interest", "content_type": ["interest", "interest"], "codename": "change_interest"}}, {"model": "auth.permission", "fields": {"name": "Can delete interest", "content_type": ["interest", "interest"], "codename": "delete_interest"}}, {"model": "auth.permission", "fields": {"name": "Can view interest", "content_type": ["interest", "interest"], "codename": "view_interest"}}, {"model": "auth.permission", "fields": {"name": "Can add interest tag", "content_type": ["interest", "interesttag"], "codename": "add_interesttag"}}, {"model": "auth.permission", "fields": {"name": "Can change interest tag", "content_type": ["interest", "interesttag"], "codename": "change_interesttag"}}, {"model": "auth.permission", "fields": {"name": "Can delete interest tag", "content_type": ["interest", "interesttag"], "codename": "delete_interesttag"}}, {"model": "auth.permission", "fields": {"name": "Can view interest tag", "content_type": ["interest", "interesttag"], "codename": "view_interesttag"}}, {"model": "auth.permission", "fields": {"name": "Can add tag color", "content_type": ["article", "tagcolor"], "codename": "add_tagcolor"}}, {"model": "auth.permission", "fields": {"name": "Can change tag color", "content_type": ["article", "tagcolor"], "codename": "change_tagcolor"}}, {"model": "auth.permission", "fields": {"name": "Can delete tag color", "content_type": ["article", "tagcolor"], "codename": "delete_tagcolor"}}, {"model": "auth.permission", "fields": {"name": "Can view tag color", "content_type": ["article", "tagcolor"], "codename": "view_tagcolor"}}, {"model": "user.user", "fields": {"password": "pbkdf2_sha256$120000$rVuH8MaJLUZY$I34ZlMbAbvH/hYxKXP1Yi9Neh91OmSMbF9SS8lfuy8A=", "last_login": "2018-12-03T23:11:22.140", "is_superuser": true, "email": "onteeae@naver.com", "name": "SUPERUSER", "studentId": 62975, "major": 244, "nickName": "admin111", "is_staff": true, "is_active": true, "groups": [], "user_permissions": [], "interests": [46, 47]}}, {"model": "user.user", "fields": {"password": "pbkdf2_sha256$120000$NTgR55KgYrmb$CTt5Z0XgPij26/pcHSB1OhP8lJh6L1jNGjDu3T+WiOc=", "last_login": "2018-11-08T08:16:52.181", "is_superuser": true, "email": "admin@admin.com", "name": "\uae30\ubcf8\uc5b4\ub4dc\ubbfc", "studentId": 999999999, "major": 244, "nickName": "\uc5b4\ub4dc\ubbfc", "is_staff": true, "is_active": true, "groups": [], "user_permissions": [], "interests": []}}, {"model": "user.user", "fields": {"password": "pbkdf2_sha256$120000$nifpkoJap9OO$BIVciVy0zFn+sNeok2dXN1dk56WljG1m+WteeaAHT+o=", "last_login": null, "is_superuser": false, "email": "swpp@snu.ac.kr", "name": "\uc774\uc7ac\uc724", "studentId": 201311111, "major": 6, "nickName": "\uc18c\uac1c\uc6d0\uc2e42\ud300", "is_staff": false, "is_active": true, "groups": [], "user_permissions": [], "interests": [46, 47, 48, 49, 50, 51, 52, 53, 54, 55]}}, {"model": "user.user", "fields": {"password": "pbkdf2_sha256$120000$zyunVUeXIGne$TTnxIHkGHjLkw8R+R2gLIl5/Fd6mTQ7+rKOcCDx+SFs=", "last_login": null, "is_superuser": false, "email": "mid@test.com", "name": "\uc774\uc7ac\uc724", "studentId": 201311364, "major": 6, "nickName": "Jay", "is_staff": false, "is_active": true, "groups": [], "user_permissions": [], "interests": [46]}}, {"model": "comment.comment", "pk": 27, "fields": {"author": ["swpp@snu.ac.kr"], "article": 25, "comment": null, "content": "\uc0ad\uc81c\ub41c \ub313\uae00 \uc785\ub2c8\ub2e4.", "createdDate": "2018-11-13T13:46:42.957"}}, {"model": "comment.comment", "pk": 28, "fields": {"author": ["onteeae@naver.com"], "article": 25, "comment": 27, "content": "\uc800\ub7f0.. \u3160\u3160", "createdDate": "2018-11-13T13:46:59"}}, {"model": "comment.comment", "pk": 29, "fields": {"author": ["onteeae@naver.com"], "article": 24, "comment": null, "content": "\uc0ad\uc81c\ub41c \ub313\uae00 \uc785\ub2c8\ub2e4.", "createdDate": "2018-11-14T17:17:46.803"}}, {"model": "comment.comment", "pk": 30, "fields": {"author": ["onteeae@naver.com"], "article": 24, "comment": 29, "content": "23", "createdDate": "2018-11-14T17:17:50.079"}}, {"model": "comment.comment", "pk": 31, "fields": {"author": ["onteeae@naver.com"], "article": 24, "comment": null, "content": "\u314e\u3147", "createdDate": "2018-11-14T17:27:18.784"}}, {"model": "comment.comment", "pk": 32, "fields": {"author": ["swpp@snu.ac.kr"], "article": 32, "comment": null, "content": "\u3131\u3131\u3131", "createdDate": "2018-11-14T18:03:21.593"}}, {"model": "comment.comment", "pk": 33, "fields": {"author": ["swpp@snu.ac.kr"], "article": 32, "comment": 32, "content": "\u314e\u3147", "createdDate": "2018-11-14T18:04:42.352"}}, {"model": "comment.comment", "pk": 34, "fields": {"author": ["swpp@snu.ac.kr"], "article": 35, "comment": null, "content": "\u314e\u3147", "createdDate": "2018-11-14T20:11:17.213"}}, {"model": "comment.comment", "pk": 35, "fields": {"author": ["swpp@snu.ac.kr"], "article": 35, "comment": null, "content": "\u314e\u3147", "createdDate": "2018-11-14T20:11:20.286"}}, {"model": "comment.comment", "pk": 36, "fields": {"author": ["swpp@snu.ac.kr"], "article": 25, "comment": null, "content": "\u314e\u3147", "createdDate": "2018-11-28T15:13:30.978"}}, {"model": "article.article", "pk": 24, "fields": {"title": "Sprint 4\uac00 \uace7 \ub9c8\uac10\ub429\ub2c8\ub2e4", "author": ["swpp@snu.ac.kr"], "content": "\uc11c\ub458\ub7ec\uc8fc\uc138\uc694", "createdDate": "2018-11-13T13:43:43.203", "interest": 46, "tags": [3], "type": []}}, {"model": "article.article", "pk": 25, "fields": {"title": "\uc601\ud654 \uac10\uc0c1\ud68c 14\uc77c \uc218\uc694\uc77c\uc5d0 \uc788\uc2b5\ub2c8\ub2e4.", "author": ["swpp@snu.ac.kr"], "content": "\uc7a5\uc18c: \ud559\uc0dd\ud68c\uad00 308\ud638 \ub3d9\uc544\ub9ac\ubc29", "createdDate": "2018-11-13T13:46:30.143", "interest": 47, "tags": [3], "type": []}}, {"model": "article.article", "pk": 29, "fields": {"title": "\ubc1c\ud45c\ub294 \uba87\uc2dc\uac04 \uc815\ub3c4 \uc9c4\ud589\ub418\ub098\uc694?", "author": ["mid@test.com"], "content": "\uc81c\uace7\ub0b4", "createdDate": "2018-11-14T17:48:38.949", "interest": 46, "tags": [4, 5], "type": []}}, {"model": "article.article", "pk": 30, "fields": {"title": "\ubc1c\ud45c\ub294 \uba87\uc2dc\uac04 \uc815\ub3c4 \uc9c4\ud589\ub418\ub098\uc694?", "author": ["mid@test.com"], "content": "\uc81c\uace7\ub0b4", "createdDate": "2018-11-14T17:48:39.147", "interest": 46, "tags": [4, 5], "type": []}}, {"model": "article.article", "pk": 31, "fields": {"title": "\uce74\ub974\ub9c8 \ud14c\uc2a4\ud2b8 \uc798\ud558\uc2dc\ub294\ubd84", "author": ["mid@test.com"], "content": "\ub108\ubb34 \uc5b4\ub824\uc6cc\uc694..", "createdDate": "2018-11-14T17:49:25.350", "interest": 46, "tags": [4, 5], "type": []}}, {"model": "article.article", "pk": 32, "fields": {"title": "\ubc25\ub4dc\uc2e4\ubd84", "author": ["mid@test.com"], "content": "301\ub3d9 6\uc2dc \u3131\u3131", "createdDate": "2018-11-14T17:49:43.405", "interest": 46, "tags": [5], "type": []}}, {"model": "article.article", "pk": 34, "fields": {"title": "\u3147\u3147\u3147\u3147\u3147\u3147\u3147\u3147\u3147\u3147\u3147\u3147\u3147\u3147\u3147\u3147\u3147\u3147\u3147\u3147\u3147\u3147\u3147\u3147\u3147\u3147\u3147\u3147\u3147\u3147\u3147\u3147\u3147\u3147\u3147\u3147\u3147\u3147\u3147\u3147\u3147\u3147\u3147\u3147\u3147\u3147\u3147\u3147\u3147\u3147\u3147\u3147\u3147\u3147\u3147\u3147\u3147\u3147\u3147\u3147\u3147\u3147\u3147\u3147\u3147\u3147\u3147\u3147\u3147\u3147\u3147\u3147", "author": ["mid@test.com"], "content": "\u3147\u3147\u3147\u3147\u3147\u3147\u3147\u3147\u3147\u3147\u3147\u3147\u3147\u3147\u3147\u3147\u3147\u3147\u3147\u3147\u3147\u3147\u3147\u3147\u3147\u3147\u3147\u3147\u3147\u3147\u3147\u3147\u3147\u3147\u3147\u3147\u3147\u3147\u3147\u3147\u3147\u3147\u3147\u3147\u3147\u3147\u3147\u3147\u3147\u3147\u3147\u3147\u3147\u3147\u3147\u3147\u3147\u3147\u3147\u3147\u3147\u3147\u3147\u3147\u3147\u3147\u3147\u3147\u3147\u3147\u3147\u3147\u3147\u3147\u3147\u3147\u3147\u3147\u3147\u3147\u3147\u3147\u3147\u3147\u3147\u3147\u3147\u3147\u3147\u3147\u3147\u3147\u3147\u3147\u3147\u3147\u3147\u3147\u3147\u3147\u3147\u3147\u3147\u3147\u3147\u3147\u3147\u3147\u3147\u3147\u3147\u3147\u3147\u3147\u3147\u3147\u3147\u3147\u3147\u3147\u3147\u3147\u3147\u3147\u3147\u3147\u3147\u3147\u3147\u3147\u3147\u3147\u3147\u3147\u3147\u3147\u3147\u3147\u3147\u3147\u3147\u3147\u3147\u3147\u3147\u3147\u3147\u3147\u3147\u3147\u3147\u3147\u3147\u3147\u3147\u3147\u3147\u3147\u3147\u3147\u3147\u3147\u3147\u3147\u3147\u3147\u3147\u3147\u3147\u3147\u3147\u3147\u3147\u3147\u3147\u3147\u3147\u3147\u3147\u3147\u3147\u3147\u3147\u3147\u3147\u3147\u3147\u3147\u3147\u3147\u3147\u3147\u3147\u3147\u3147\u3147\u3147\u3147\u3147\u3147\u3147\u3147\u3147\u3147\u3147\u3147\u3147\u3147\u3147\u3147\u3147\u3147\u3147\u3147\u3147\u3147\u3147\u3147\u3147\u3147\u3147\u3147\u3147\u3147\u3147\u3147\u3147\u3147\u3147\u3147\u3147\u3147\u3147\u3147\u3147\u3147\u3147\u3147\u3147\u3147\u3147\u3147\u3147\u3147\u3147\u3147\u3147\u3147\u3147\u3147\u3147\u3147\u3147\u3147\u3147\u3147\u3147\u3147\u3147\u3147\u3147\u3147\u3147\u3147\u3147\u3147\u3147\u3147\u3147\u3147\u3147\u3147\u3147\u3147\u3147\u3147\u3147\u3147\u3147\u3147\u3147\u3147\u3147\u3147\u3147\u3147\u3147\u3147\u3147\u3147\u3147\u3147\u3147\u3147\u3147\u3147\u3147\u3147\u3147\u3147\u3147\u3147\u3147\u3147\u3147\u3147\u3147\u3147\u3147\u3147\u3147\u3147\u3147\u3147\u3147\u3147\u3147\u3147\u3147\u3147\u3147\u3147\u3147\u3147\u3147\u3147\u3147\u3147\u3147\u3147\u3147\u3147\u3147\u3147\u3147\u3147\u3147\u3147\u3147\u3147\u3147\u3147\u3147\u3147\u3147\u3147\u3147\u3147\u3147\u3147\u3147\u3147\u3147\u3147\u3147\u3147\u3147\u3147\u3147\u3147\u3147\u3147\u3147\u3147\u3147\u3147\u3147\u3147\u3147\u3147\u3147\u3147\u3147\u3147\u3147\u3147\u3147\u3147\u3147\u3147\u3147\u3147\u3147\u3147\u3147\u3147\u3147\u3147\u3147\u3147\u3147\u3147\u3147\u3147\u3147\u3147\u3147\u3147\u3147\u3147\u3147\u3147\u3147\u3147\u3147\u3147\u3147\u3147\u3147\u3147\u3147\u3147\u3147\u3147\u3147\u3147\u3147\u3147\u3147\u3147\u3147\u3147\u3147\u3147\u3147\u3147\u3147\u3147\u3147\u3147\u3147\u3147\u3147\u3147\u3147\u3147\u3147\u3147\u3147\u3147\u3147\u3147\u3147\u3147\u3147\u3147\u3147\u3147\u3147\u3147\u3147\u3147\u3147\u3147\u3147\u3147\u3147\u3147\u3147\u3147\u3147\u3147\u3147\u3147\u3147\u3147\u3147\u3147\u3147\u3147\u3147\u3147\u3147\u3147\u3147\u3147\u3147\u3147\u3147\u3147\u3147\u3147\u3147\u3147\u3147\u3147\u3147\u3147\u3147\u3147\u3147\u3147\u3147\u3147\u3147\u3147\u3147\u3147\u3147\u3147\u3147\u3147\u3147\u3147\u3147\u3147\u3147\u3147\u3147\u3147\u3147\u3147\u3147\u3147\u3147\u3147\u3147\u3147\u3147\u3147\u3147\u3147\u3147\u3147\u3147\u3147\u3147\u3147\u3147\u3147\u3147\u3147\u3147\u3147\u3147\u3147\u3147\u3147\u3147\u3147\u3147\u3147\u3147\u3147\u3147\u3147\u3147\u3147\u3147\u3147\u3147\u3147\u3147\u3147\u3147\u3147\u3147\u3147\u3147\u3147\u3147\u3147\u3147\u3147\u3147\u3147\u3147\u3147\u3147\u3147\u3147\u3147\u3147\u3147\u3147\u3147\u3147\u3147\u3147\u3147\u3147\u3147\u3147\u3147\u3147\u3147\u3147\u3147\u3147\u3147\u3147\u3147\u3147\u3147\u3147\u3147\u3147\u3147\u3147\u3147\u3147\u3147\u3147\u3147\u3147\u3147\u3147\u3147\u3147\u3147\u3147\u3147\u3147\u3147\u3147\u3147\u3147\u3147\u3147\u3147\u3147\u3147\u3147\u3147\u3147\u3147\u3147\u3147\u3147\u3147\u3147\u3147\u3147\u3147\u3147\u3147\u3147\u3147\u3147\u3147", "createdDate": "2018-11-14T17:51:25.578", "interest": 46, "tags": [], "type": []}}, {"model": "article.article", "pk": 35, "fields": {"title": "\uc548\ub155\ud558\uc138\uc694", "author": ["swpp@snu.ac.kr"], "content": "\uc548\ub155\ud558\uc138\uc694", "createdDate": "2018-11-14T20:10:39.365", "interest": 46, "tags": [5], "type": []}}, {"model": "article.article", "pk": 36, "fields": {"title": "gd", "author": ["swpp@snu.ac.kr"], "content": "gd", "createdDate": "2018-11-28T15:13:21.458", "interest": 47, "tags": [3, 5], "type": []}}, {"model": "interest.interest", "pk": 46, "fields": {"name": "\uc18c\uac1c\uc6d0\uc2e4 2018 Fall", "detail": "\uc18c\ud504\ud2b8\uc6e8\uc5b4 \uac1c\ubc1c\uc758 \uc6d0\ub9ac\uc640 \uc2e4\uc81c2018\ub144 2\ud559\uae30 \uac15\uc758!", "createdDate": "2018-11-13T13:43:14", "createUser": ["onteeae@naver.com"], "photoURL": "https://wallpapercave.com/wp/DlGpnB5.jpg", "tags": [7, 10]}}, {"model": "interest.interest", "pk": 47, "fields": {"name": "\uc584\ub77c\uc169", "detail": "\uc911\uc559\ub3d9\uc544\ub9ac\uc601\ud654\uc81c\uc791 \ub3d9\uc544\ub9ac <\uc584\ub77c\uc169>\uc785\ub2c8\ub2e4.\ud68c\uc7a5 \uc5f0\ub77d\ucc98: 010-0000-0000 \uc774\uc7ac\uc724", "createdDate": "2018-11-13T13:44:59", "createUser": ["swpp@snu.ac.kr"], "photoURL": "http://pds27.egloos.com/logo/201403/15/21/a0096321.jpg", "tags": [6, 9]}}, {"model": "interest.interest", "pk": 48, "fields": {"name": "SnuPia", "detail": "\uc2a4\ub204\ud53c\uc544 \ub3d9\uc544\ub9ac \ud398\uc774\uc9c0\uc785\ub2c8\ub2e4", "createdDate": "2018-11-14T17:40:06.316", "createUser": ["onteeae@naver.com"], "photoURL": "https://i0.wp.com/studentsforumng.com/wp-content/uploads/2018/09/Seoul-National-University-Scholarship.jpg?resize=600%2C300&ssl=1", "tags": [6, 9]}}, {"model": "interest.interest", "pk": 49, "fields": {"name": "\ub17c\ub9ac\uc124\uacc4 2018 Fall", "detail": "2018\ub144 \ub17c\ub9ac\uc124\uacc4 \ud398\uc774\uc9c0\uc785\ub2c8\ub2e4", "createdDate": "2018-11-14T17:41:05.907", "createUser": ["swpp@snu.ac.kr"], "photoURL": "https://i0.wp.com/studentsforumng.com/wp-content/uploads/2018/09/Seoul-National-University-Scholarship.jpg?resize=600%2C300&ssl=1", "tags": [7, 9]}}, {"model": "interest.interest", "pk": 50, "fields": {"name": "\uc2dc\uc2a4\ud15c\ud504\ub85c\uadf8\ub798\ubc0d 2018 Fall", "detail": "\uc2dc\uc2a4\ud15c \ud504\ub85c\uadf8\ub798\ubc0d \uac15\uc758 \uac8c\uc2dc\ud310\uc785\ub2c8\ub2e4.", "createdDate": "2018-11-14T17:41:46.002", "createUser": ["swpp@snu.ac.kr"], "photoURL": "https://i0.wp.com/studentsforumng.com/wp-content/uploads/2018/09/Seoul-National-University-Scholarship.jpg?resize=600%2C300&ssl=1", "tags": [7, 10]}}, {"model": "interest.interest", "pk": 51, "fields": {"name": "\ucc3d\uc758\uc801\ud1b5\ud569\uc124\uacc4 TeamQ", "detail": "\ucc3d\uc758\uc801 \ud1b5\ud569\uc124\uacc4\nUSB Mirrorring", "createdDate": "2018-11-14T17:42:58.080", "createUser": ["swpp@snu.ac.kr"], "photoURL": "https://i0.wp.com/studentsforumng.com/wp-content/uploads/2018/09/Seoul-National-University-Scholarship.jpg?resize=600%2C300&ssl=1", "tags": [7, 10]}}, {"model": "interest.interest", "pk": 52, "fields": {"name": "\ucc3d\uc758\uc801\ud1b5\ud569\uc124\uacc42", "detail": "\ucc3d\uc758\uc801 \ud1b5\ud569\uc124\uacc42 \uc785\ub2c8\ub2e4.", "createdDate": "2018-11-14T17:43:23.395", "createUser": ["swpp@snu.ac.kr"], "photoURL": "https://i0.wp.com/studentsforumng.com/wp-content/uploads/2018/09/Seoul-National-University-Scholarship.jpg?resize=600%2C300&ssl=1", "tags": [7, 10]}}, {"model": "interest.interest", "pk": 53, "fields": {"name": "\ub9e8\uccb4\uc2a4\ud130 \uc720\ub098\uc774\ud2f0\ub4dc", "detail": "\ub9e8\uccb4\uc2a4\ud130 \uc720\ub098\uc774\ud2f0\ub4dc \ud32c\ubaa8\uc784 \uc785\ub2c8\ub2e4", "createdDate": "2018-11-14T17:44:15.507", "createUser": ["swpp@snu.ac.kr"], "photoURL": "https://pds.joins.com/news/component/htmlphoto_mmdata/201705/31/ec7e79e9-7226-4b53-aa86-f87d7d9a9635.jpg", "tags": [9]}}, {"model": "interest.interest", "pk": 54, "fields": {"name": "\ub808\uc54c \ub9c8\ub4dc\ub9ac\ub4dc", "detail": "\ub808\uc54c \ub9c8\ub4dc\ub9ac\ub4dc \ud32c \ud398\uc774\uc9c0\uc785\ub2c8\ub2e4.", "createdDate": "2018-11-14T17:44:56.029", "createUser": ["swpp@snu.ac.kr"], "photoURL": "https://encrypted-tbn0.gstatic.com/images?q=tbn:ANd9GcQiLArHACd7amJcmtWl7VNt7K0bizP91yCXTubDg0Q6qEZ4cHk_", "tags": [9]}}, {"model": "interest.interest", "pk": 55, "fields": {"name": "\ub274\uc695 \uc591\ud0a4\uc2a4", "detail": "\ub274\uc695 \uc591\ud0a4\uc2a4 \ud32c \ud398\uc774\uc9c0\uc785\ub2c8\ub2e4.", "createdDate": "2018-11-14T17:45:56.130", "createUser": ["swpp@snu.ac.kr"], "photoURL": "https://images-na.ssl-images-amazon.com/images/I/41U9otY%2BTqL._SL500_AC_SS350_.jpg", "tags": [9]}}, {"model": "authtoken.token", "pk": "6a17515780d3b32a1e2228e61f77bf1936fbec2d", "fields": {"user": ["swpp@snu.ac.kr"], "created": "2018-11-13T13:41:34.543"}}, {"model": "authtoken.token", "pk": "8b385406d12e0019207bf31a7007951698b3f453", "fields": {"user": ["mid@test.com"], "created": "2018-11-14T15:57:54.252"}}, {"model": "authtoken.token", "pk": "c6e8099ddd4a3c22470d0105cd37390c77832545", "fields": {"user": ["admin@admin.com"], "created": "2018-11-08T08:16:17.961"}}, {"model": "authtoken.token", "pk": "d2e0679ebb7f78d1d10ec9451ab23eba2d8b3e21", "fields": {"user": ["onteeae@naver.com"], "created": "2018-11-05T11:06:45.964"}}, {"model": "admin.logentry", "pk": 1, "fields": {"action_time": "2018-11-04T12:50:53.904", "user": ["onteeae@naver.com"], "content_type": ["user", "user"], "object_id": "1", "object_repr": "onteeae@naver.com", "action_flag": 2, "change_message": "[{\"changed\": {\"fields\": [\"major\"]}}]"}}, {"model": "admin.logentry", "pk": 2, "fields": {"action_time": "2018-11-05T04:39:12.292", "user": ["onteeae@naver.com"], "content_type": ["article", "articletag"], "object_id": "1", "object_repr": "ArticleTag object (1)", "action_flag": 1, "change_message": "[{\"added\": {}}]"}}, {"model": "admin.logentry", "pk": 3, "fields": {"action_time": "2018-11-05T04:39:15.843", "user": ["onteeae@naver.com"], "content_type": ["article", "articletag"], "object_id": "1", "object_repr": "ArticleTag object (1)", "action_flag": 2, "change_message": "[{\"changed\": {\"fields\": [\"name\"]}}]"}}, {"model": "admin.logentry", "pk": 4, "fields": {"action_time": "2018-11-05T04:39:22.596", "user": ["onteeae@naver.com"], "content_type": ["article", "articletype"], "object_id": "1", "object_repr": "ArticleType object (1)", "action_flag": 1, "change_message": "[{\"added\": {}}]"}}, {"model": "admin.logentry", "pk": 5, "fields": {"action_time": "2018-11-05T04:40:02.972", "user": ["onteeae@naver.com"], "content_type": ["interest", "interesttag"], "object_id": "1", "object_repr": "InterestTag object (1)", "action_flag": 1, "change_message": "[{\"added\": {}}]"}}, {"model": "admin.logentry", "pk": 6, "fields": {"action_time": "2018-11-05T04:40:18.316", "user": ["onteeae@naver.com"], "content_type": ["interest", "interest"], "object_id": "1", "object_repr": "Interest object (1)", "action_flag": 1, "change_message": "[{\"added\": {}}]"}}, {"model": "admin.logentry", "pk": 7, "fields": {"action_time": "2018-11-05T05:05:23.540", "user": ["onteeae@naver.com"], "content_type": ["article", "articletag"], "object_id": "2", "object_repr": "ArticleTag object (2)", "action_flag": 1, "change_message": "[{\"added\": {}}]"}}, {"model": "admin.logentry", "pk": 8, "fields": {"action_time": "2018-11-05T05:05:37.595", "user": ["onteeae@naver.com"], "content_type": ["article", "article"], "object_id": "1", "object_repr": "Article object (1)", "action_flag": 1, "change_message": "[{\"added\": {}}]"}}, {"model": "admin.logentry", "pk": 9, "fields": {"action_time": "2018-11-05T12:22:35.093", "user": ["onteeae@naver.com"], "content_type": ["article", "article"], "object_id": "2", "object_repr": "Article object (2)", "action_flag": 1, "change_message": "[{\"added\": {}}]"}}, {"model": "admin.logentry", "pk": 10, "fields": {"action_time": "2018-11-05T13:13:47.380", "user": ["onteeae@naver.com"], "content_type": ["article", "tagcolor"], "object_id": "1", "object_repr": "TagColor object (1)", "action_flag": 1, "change_message": "[{\"added\": {}}]"}}, {"model": "admin.logentry", "pk": 11, "fields": {"action_time": "2018-11-05T13:15:38.493", "user": ["onteeae@naver.com"], "content_type": ["article", "tagcolor"], "object_id": "2", "object_repr": "TagColor object (2)", "action_flag": 1, "change_message": "[{\"added\": {}}]"}}, {"model": "admin.logentry", "pk": 12, "fields": {"action_time": "2018-11-05T13:15:46.161", "user": ["onteeae@naver.com"], "content_type": ["article", "tagcolor"], "object_id": "3", "object_repr": "TagColor object (3)", "action_flag": 1, "change_message": "[{\"added\": {}}]"}}, {"model": "admin.logentry", "pk": 13, "fields": {"action_time": "2018-11-05T13:15:52.873", "user": ["onteeae@naver.com"], "content_type": ["article", "tagcolor"], "object_id": "4", "object_repr": "TagColor object (4)", "action_flag": 1, "change_message": "[{\"added\": {}}]"}}, {"model": "admin.logentry", "pk": 14, "fields": {"action_time": "2018-11-05T13:16:02.240", "user": ["onteeae@naver.com"], "content_type": ["article", "tagcolor"], "object_id": "5", "object_repr": "TagColor object (5)", "action_flag": 1, "change_message": "[{\"added\": {}}]"}}, {"model": "admin.logentry", "pk": 15, "fields": {"action_time": "2018-11-05T13:16:13.945", "user": ["onteeae@naver.com"], "content_type": ["article", "tagcolor"], "object_id": "6", "object_repr": "TagColor object (6)", "action_flag": 1, "change_message": "[{\"added\": {}}]"}}, {"model": "admin.logentry", "pk": 16, "fields": {"action_time": "2018-11-05T13:16:21.732", "user": ["onteeae@naver.com"], "content_type": ["article", "tagcolor"], "object_id": "7", "object_repr": "TagColor object (7)", "action_flag": 1, "change_message": "[{\"added\": {}}]"}}, {"model": "admin.logentry", "pk": 17, "fields": {"action_time": "2018-11-05T13:16:26.183", "user": ["onteeae@naver.com"], "content_type": ["article", "tagcolor"], "object_id": "8", "object_repr": "TagColor object (8)", "action_flag": 1, "change_message": "[{\"added\": {}}]"}}, {"model": "admin.logentry", "pk": 18, "fields": {"action_time": "2018-11-05T13:16:39.895", "user": ["onteeae@naver.com"], "content_type": ["article", "tagcolor"], "object_id": "9", "object_repr": "TagColor object (9)", "action_flag": 1, "change_message": "[{\"added\": {}}]"}}, {"model": "admin.logentry", "pk": 19, "fields": {"action_time": "2018-11-05T13:16:47.847", "user": ["onteeae@naver.com"], "content_type": ["article", "tagcolor"], "object_id": "10", "object_repr": "TagColor object (10)", "action_flag": 1, "change_message": "[{\"added\": {}}]"}}, {"model": "admin.logentry", "pk": 20, "fields": {"action_time": "2018-11-05T13:16:55.458", "user": ["onteeae@naver.com"], "content_type": ["article", "tagcolor"], "object_id": "11", "object_repr": "TagColor object (11)", "action_flag": 1, "change_message": "[{\"added\": {}}]"}}, {"model": "admin.logentry", "pk": 21, "fields": {"action_time": "2018-11-05T13:17:02.812", "user": ["onteeae@naver.com"], "content_type": ["article", "tagcolor"], "object_id": "12", "object_repr": "TagColor object (12)", "action_flag": 1, "change_message": "[{\"added\": {}}]"}}, {"model": "admin.logentry", "pk": 22, "fields": {"action_time": "2018-11-05T13:17:14.629", "user": ["onteeae@naver.com"], "content_type": ["article", "tagcolor"], "object_id": "13", "object_repr": "TagColor object (13)", "action_flag": 1, "change_message": "[{\"added\": {}}]"}}, {"model": "admin.logentry", "pk": 23, "fields": {"action_time": "2018-11-05T13:17:19.205", "user": ["onteeae@naver.com"], "content_type": ["article", "tagcolor"], "object_id": "14", "object_repr": "TagColor object (14)", "action_flag": 1, "change_message": "[{\"added\": {}}]"}}, {"model": "admin.logentry", "pk": 24, "fields": {"action_time": "2018-11-05T13:17:34.137", "user": ["onteeae@naver.com"], "content_type": ["article", "tagcolor"], "object_id": "15", "object_repr": "TagColor object (15)", "action_flag": 1, "change_message": "[{\"added\": {}}]"}}, {"model": "admin.logentry", "pk": 25, "fields": {"action_time": "2018-11-05T13:17:38.770", "user": ["onteeae@naver.com"], "content_type": ["article", "tagcolor"], "object_id": "16", "object_repr": "TagColor object (16)", "action_flag": 1, "change_message": "[{\"added\": {}}]"}}, {"model": "admin.logentry", "pk": 26, "fields": {"action_time": "2018-11-05T13:17:50.232", "user": ["onteeae@naver.com"], "content_type": ["article", "tagcolor"], "object_id": "17", "object_repr": "TagColor object (17)", "action_flag": 1, "change_message": "[{\"added\": {}}]"}}, {"model": "admin.logentry", "pk": 27, "fields": {"action_time": "2018-11-05T13:17:56.733", "user": ["onteeae@naver.com"], "content_type": ["article", "tagcolor"], "object_id": "18", "object_repr": "TagColor object (18)", "action_flag": 1, "change_message": "[{\"added\": {}}]"}}, {"model": "admin.logentry", "pk": 28, "fields": {"action_time": "2018-11-05T13:18:04.990", "user": ["onteeae@naver.com"], "content_type": ["article", "tagcolor"], "object_id": "19", "object_repr": "TagColor object (19)", "action_flag": 1, "change_message": "[{\"added\": {}}]"}}, {"model": "admin.logentry", "pk": 29, "fields": {"action_time": "2018-11-05T13:18:10.084", "user": ["onteeae@naver.com"], "content_type": ["article", "tagcolor"], "object_id": "20", "object_repr": "TagColor object (20)", "action_flag": 1, "change_message": "[{\"added\": {}}]"}}, {"model": "admin.logentry", "pk": 30, "fields": {"action_time": "2018-11-05T13:18:16.371", "user": ["onteeae@naver.com"], "content_type": ["article", "tagcolor"], "object_id": "21", "object_repr": "TagColor object (21)", "action_flag": 1, "change_message": "[{\"added\": {}}]"}}, {"model": "admin.logentry", "pk": 31, "fields": {"action_time": "2018-11-05T13:18:20.310", "user": ["onteeae@naver.com"], "content_type": ["article", "tagcolor"], "object_id": "22", "object_repr": "TagColor object (22)", "action_flag": 1, "change_message": "[{\"added\": {}}]"}}, {"model": "admin.logentry", "pk": 32, "fields": {"action_time": "2018-11-05T13:26:35.296", "user": ["onteeae@naver.com"], "content_type": ["article", "articletag"], "object_id": "2", "object_repr": "ArticleTag object (2)", "action_flag": 2, "change_message": "[{\"changed\": {\"fields\": [\"color\"]}}]"}}, {"model": "admin.logentry", "pk": 33, "fields": {"action_time": "2018-11-06T08:31:11.083", "user": ["onteeae@naver.com"], "content_type": ["interest", "interest"], "object_id": "1", "object_repr": "Interest object (1)", "action_flag": 2, "change_message": "[{\"changed\": {\"fields\": [\"photoURL\"]}}]"}}, {"model": "admin.logentry", "pk": 34, "fields": {"action_time": "2018-11-06T08:37:44.558", "user": ["onteeae@naver.com"], "content_type": ["interest", "interest"], "object_id": "1", "object_repr": "Interest object (1)", "action_flag": 2, "change_message": "[{\"changed\": {\"fields\": [\"photoURL\"]}}]"}}, {"model": "admin.logentry", "pk": 35, "fields": {"action_time": "2018-11-06T08:57:41.730", "user": ["onteeae@naver.com"], "content_type": ["interest", "interesttag"], "object_id": "2", "object_repr": "tag2", "action_flag": 1, "change_message": "[{\"added\": {}}]"}}, {"model": "admin.logentry", "pk": 36, "fields": {"action_time": "2018-11-06T08:57:46.527", "user": ["onteeae@naver.com"], "content_type": ["interest", "interesttag"], "object_id": "3", "object_repr": "tag3", "action_flag": 1, "change_message": "[{\"added\": {}}]"}}, {"model": "admin.logentry", "pk": 37, "fields": {"action_time": "2018-11-06T08:57:51.233", "user": ["onteeae@naver.com"], "content_type": ["interest", "interesttag"], "object_id": "4", "object_repr": "tag4", "action_flag": 1, "change_message": "[{\"added\": {}}]"}}, {"model": "admin.logentry", "pk": 38, "fields": {"action_time": "2018-11-06T08:57:54.079", "user": ["onteeae@naver.com"], "content_type": ["interest", "interest"], "object_id": "2", "object_repr": "int2", "action_flag": 1, "change_message": "[{\"added\": {}}]"}}, {"model": "admin.logentry", "pk": 39, "fields": {"action_time": "2018-11-06T08:58:05.502", "user": ["onteeae@naver.com"], "content_type": ["interest", "interest"], "object_id": "3", "object_repr": "hoo", "action_flag": 1, "change_message": "[{\"added\": {}}]"}}, {"model": "admin.logentry", "pk": 40, "fields": {"action_time": "2018-11-06T09:06:05.511", "user": ["onteeae@naver.com"], "content_type": ["interest", "interest"], "object_id": "1", "object_repr": "Int1", "action_flag": 2, "change_message": "[]"}}, {"model": "admin.logentry", "pk": 41, "fields": {"action_time": "2018-11-06T09:07:32.226", "user": ["onteeae@naver.com"], "content_type": ["interest", "interest"], "object_id": "1", "object_repr": "Int1", "action_flag": 2, "change_message": "[{\"changed\": {\"fields\": [\"tags\"]}}]"}}, {"model": "admin.logentry", "pk": 42, "fields": {"action_time": "2018-11-06T09:17:59.359", "user": ["onteeae@naver.com"], "content_type": ["interest", "interest"], "object_id": "4", "object_repr": "hoo1", "action_flag": 1, "change_message": "[{\"added\": {}}]"}}, {"model": "admin.logentry", "pk": 43, "fields": {"action_time": "2018-11-06T09:28:00.893", "user": ["onteeae@naver.com"], "content_type": ["interest", "interest"], "object_id": "2", "object_repr": "int2", "action_flag": 2, "change_message": "[{\"changed\": {\"fields\": [\"tags\"]}}]"}}, {"model": "admin.logentry", "pk": 44, "fields": {"action_time": "2018-11-06T09:43:54.487", "user": ["onteeae@naver.com"], "content_type": ["interest", "interest"], "object_id": "4", "object_repr": "hoo4", "action_flag": 2, "change_message": "[{\"changed\": {\"fields\": [\"name\"]}}]"}}, {"model": "admin.logentry", "pk": 45, "fields": {"action_time": "2018-11-06T09:44:07.570", "user": ["onteeae@naver.com"], "content_type": ["interest", "interest"], "object_id": "5", "object_repr": "gg", "action_flag": 1, "change_message": "[{\"added\": {}}]"}}, {"model": "admin.logentry", "pk": 46, "fields": {"action_time": "2018-11-06T09:44:47.142", "user": ["onteeae@naver.com"], "content_type": ["interest", "interest"], "object_id": "5", "object_repr": "gg", "action_flag": 3, "change_message": ""}}, {"model": "admin.logentry", "pk": 47, "fields": {"action_time": "2018-11-06T09:49:22.089", "user": ["onteeae@naver.com"], "content_type": ["interest", "interest"], "object_id": "1", "object_repr": "Int1", "action_flag": 3, "change_message": ""}}, {"model": "admin.logentry", "pk": 48, "fields": {"action_time": "2018-11-06T09:50:58.953", "user": ["onteeae@naver.com"], "content_type": ["interest", "interesttag"], "object_id": "5", "object_repr": "\ucde8\ubbf8", "action_flag": 1, "change_message": "[{\"added\": {}}]"}}, {"model": "admin.logentry", "pk": 49, "fields": {"action_time": "2018-11-06T09:51:12.231", "user": ["onteeae@naver.com"], "content_type": ["interest", "interesttag"], "object_id": "6", "object_repr": "\ub3d9\uc544\ub9ac", "action_flag": 1, "change_message": "[{\"added\": {}}]"}}, {"model": "admin.logentry", "pk": 50, "fields": {"action_time": "2018-11-06T09:51:22.328", "user": ["onteeae@naver.com"], "content_type": ["interest", "interesttag"], "object_id": "7", "object_repr": "\ud559\uc220", "action_flag": 1, "change_message": "[{\"added\": {}}]"}}, {"model": "admin.logentry", "pk": 51, "fields": {"action_time": "2018-11-06T09:51:47.790", "user": ["onteeae@naver.com"], "content_type": ["interest", "interesttag"], "object_id": "8", "object_repr": "\ud29c\ud130\ub9c1", "action_flag": 1, "change_message": "[{\"added\": {}}]"}}, {"model": "admin.logentry", "pk": 52, "fields": {"action_time": "2018-11-06T09:52:00.316", "user": ["onteeae@naver.com"], "content_type": ["article", "articletag"], "object_id": "3", "object_repr": "\uacf5\uc9c0", "action_flag": 1, "change_message": "[{\"added\": {}}]"}}, {"model": "admin.logentry", "pk": 53, "fields": {"action_time": "2018-11-06T09:52:08.084", "user": ["onteeae@naver.com"], "content_type": ["article", "articletag"], "object_id": "4", "object_repr": "QNA", "action_flag": 1, "change_message": "[{\"added\": {}}]"}}, {"model": "admin.logentry", "pk": 54, "fields": {"action_time": "2018-11-06T09:52:14.307", "user": ["onteeae@naver.com"], "content_type": ["article", "articletag"], "object_id": "5", "object_repr": "\uc7a1\ub2f4", "action_flag": 1, "change_message": "[{\"added\": {}}]"}}, {"model": "admin.logentry", "pk": 55, "fields": {"action_time": "2018-11-06T09:52:18.316", "user": ["onteeae@naver.com"], "content_type": ["article", "articletag"], "object_id": "6", "object_repr": "\uc77c\uc815", "action_flag": 1, "change_message": "[{\"added\": {}}]"}}, {"model": "admin.logentry", "pk": 56, "fields": {"action_time": "2018-11-06T09:53:42.823", "user": ["onteeae@naver.com"], "content_type": ["interest", "interest"], "object_id": "6", "object_repr": "\ucde8\ubbf8\ub3d9\uc544\ub9ac", "action_flag": 1, "change_message": "[{\"added\": {}}]"}}, {"model": "admin.logentry", "pk": 57, "fields": {"action_time": "2018-11-06T09:53:57.992", "user": ["onteeae@naver.com"], "content_type": ["interest", "interest"], "object_id": "7", "object_repr": "\ucde8\ubbf8\ub3d9\uc544\ub9ac2", "action_flag": 1, "change_message": "[{\"added\": {}}]"}}, {"model": "admin.logentry", "pk": 58, "fields": {"action_time": "2018-11-06T09:54:07.915", "user": ["onteeae@naver.com"], "content_type": ["interest", "interest"], "object_id": "8", "object_repr": "\ud559\uc220\ub3d9\uc544\ub9ac", "action_flag": 1, "change_message": "[{\"added\": {}}]"}}, {"model": "admin.logentry", "pk": 59, "fields": {"action_time": "2018-11-06T09:54:16.863", "user": ["onteeae@naver.com"], "content_type": ["interest", "interest"], "object_id": "9", "object_repr": "\ud30c\uc774\uc36c\ud29c\ud130\ub9c1", "action_flag": 1, "change_message": "[{\"added\": {}}]"}}, {"model": "admin.logentry", "pk": 60, "fields": {"action_time": "2018-11-06T09:54:38.817", "user": ["onteeae@naver.com"], "content_type": ["user", "user"], "object_id": "1", "object_repr": "onteeae@naver.com", "action_flag": 2, "change_message": "[{\"changed\": {\"fields\": [\"interests\"]}}]"}}, {"model": "admin.logentry", "pk": 61, "fields": {"action_time": "2018-11-06T09:54:49.793", "user": ["onteeae@naver.com"], "content_type": ["user", "user"], "object_id": "1", "object_repr": "onteeae@naver.com", "action_flag": 2, "change_message": "[]"}}, {"model": "admin.logentry", "pk": 62, "fields": {"action_time": "2018-11-06T09:55:12.207", "user": ["onteeae@naver.com"], "content_type": ["user", "user"], "object_id": "1", "object_repr": "onteeae@naver.com", "action_flag": 2, "change_message": "[]"}}, {"model": "admin.logentry", "pk": 63, "fields": {"action_time": "2018-11-06T10:05:50.248", "user": ["onteeae@naver.com"], "content_type": ["article", "articletype"], "object_id": "2", "object_repr": "\uc7a1\ub2f4", "action_flag": 1, "change_message": "[{\"added\": {}}]"}}, {"model": "admin.logentry", "pk": 64, "fields": {"action_time": "2018-11-06T10:05:52.083", "user": ["onteeae@naver.com"], "content_type": ["article", "articletype"], "object_id": "3", "object_repr": "\uacf5\uc9c0", "action_flag": 1, "change_message": "[{\"added\": {}}]"}}, {"model": "admin.logentry", "pk": 65, "fields": {"action_time": "2018-11-06T10:05:56.278", "user": ["onteeae@naver.com"], "content_type": ["article", "articletype"], "object_id": "4", "object_repr": "\uc77c\uc815", "action_flag": 1, "change_message": "[{\"added\": {}}]"}}, {"model": "admin.logentry", "pk": 66, "fields": {"action_time": "2018-11-06T10:05:58.568", "user": ["onteeae@naver.com"], "content_type": ["article", "articletype"], "object_id": "5", "object_repr": "\ubaa8\uc784", "action_flag": 1, "change_message": "[{\"added\": {}}]"}}, {"model": "admin.logentry", "pk": 67, "fields": {"action_time": "2018-11-06T10:06:17.813", "user": ["onteeae@naver.com"], "content_type": ["article", "article"], "object_id": "3", "object_repr": "Article object (3)", "action_flag": 1, "change_message": "[{\"added\": {}}]"}}, {"model": "admin.logentry", "pk": 68, "fields": {"action_time": "2018-11-06T10:06:28.152", "user": ["onteeae@naver.com"], "content_type": ["article", "article"], "object_id": "4", "object_repr": "Article object (4)", "action_flag": 1, "change_message": "[{\"added\": {}}]"}}, {"model": "admin.logentry", "pk": 69, "fields": {"action_time": "2018-11-06T10:06:36.839", "user": ["onteeae@naver.com"], "content_type": ["article", "article"], "object_id": "5", "object_repr": "Article object (5)", "action_flag": 1, "change_message": "[{\"added\": {}}]"}}, {"model": "admin.logentry", "pk": 70, "fields": {"action_time": "2018-11-06T10:06:46.688", "user": ["onteeae@naver.com"], "content_type": ["article", "article"], "object_id": "6", "object_repr": "Article object (6)", "action_flag": 1, "change_message": "[{\"added\": {}}]"}}, {"model": "admin.logentry", "pk": 71, "fields": {"action_time": "2018-11-06T10:06:56.959", "user": ["onteeae@naver.com"], "content_type": ["article", "article"], "object_id": "7", "object_repr": "Article object (7)", "action_flag": 1, "change_message": "[{\"added\": {}}]"}}, {"model": "admin.logentry", "pk": 72, "fields": {"action_time": "2018-11-06T10:09:47.433", "user": ["onteeae@naver.com"], "content_type": ["article", "article"], "object_id": "8", "object_repr": "Article object (8)", "action_flag": 1, "change_message": "[{\"added\": {}}]"}}, {"model": "admin.logentry", "pk": 73, "fields": {"action_time": "2018-11-06T10:21:52.076", "user": ["onteeae@naver.com"], "content_type": ["user", "user"], "object_id": "1", "object_repr": "onteeae@naver.com", "action_flag": 2, "change_message": "[{\"deleted\": {\"name\": \"user-interest \\uad00\\uacc4\", \"object\": \"User_interests object (None)\"}}]"}}, {"model": "admin.logentry", "pk": 74, "fields": {"action_time": "2018-11-06T15:51:52.252", "user": ["onteeae@naver.com"], "content_type": ["interest", "interest"], "object_id": "10", "object_repr": "\ub9cc\ub4e4\uae30\ud14c\uc2a4\ud2b8", "action_flag": 2, "change_message": "[{\"changed\": {\"fields\": [\"tags\", \"photoURL\"]}}]"}}, {"model": "admin.logentry", "pk": 75, "fields": {"action_time": "2018-11-06T15:51:57.002", "user": ["onteeae@naver.com"], "content_type": ["interest", "interest"], "object_id": "10", "object_repr": "\ub9cc\ub4e4\uae30\ud14c\uc2a4\ud2b8", "action_flag": 2, "change_message": "[{\"changed\": {\"fields\": [\"tags\"]}}]"}}, {"model": "admin.logentry", "pk": 76, "fields": {"action_time": "2018-11-07T07:31:37.815", "user": ["onteeae@naver.com"], "content_type": ["user", "user"], "object_id": "1", "object_repr": "onteeae@naver.com", "action_flag": 2, "change_message": "[{\"added\": {\"object\": \"User_interests object (5)\", \"name\": \"user-interest \\uad00\\uacc4\"}}, {\"added\": {\"object\": \"User_interests object (6)\", \"name\": \"user-interest \\uad00\\uacc4\"}}, {\"added\": {\"object\": \"User_interests object (7)\", \"name\": \"user-interest \\uad00\\uacc4\"}}, {\"added\": {\"object\": \"User_interests object (8)\", \"name\": \"user-interest \\uad00\\uacc4\"}}, {\"added\": {\"object\": \"User_interests object (9)\", \"name\": \"user-interest \\uad00\\uacc4\"}}, {\"added\": {\"object\": \"User_interests object (10)\", \"name\": \"user-interest \\uad00\\uacc4\"}}, {\"added\": {\"object\": \"User_interests object (11)\", \"name\": \"user-interest \\uad00\\uacc4\"}}, {\"added\": {\"object\": \"User_interests object (12)\", \"name\": \"user-interest \\uad00\\uacc4\"}}, {\"added\": {\"object\": \"User_interests object (13)\", \"name\": \"user-interest \\uad00\\uacc4\"}}, {\"added\": {\"object\": \"User_interests object (14)\", \"name\": \"user-interest \\uad00\\uacc4\"}}]"}}, {"model": "admin.logentry", "pk": 77, "fields": {"action_time": "2018-11-07T10:16:06.766", "user": ["onteeae@naver.com"], "content_type": ["article", "article"], "object_id": "6", "object_repr": "Article object (6)", "action_flag": 2, "change_message": "[{\"changed\": {\"fields\": [\"content\"]}}]"}}, {"model": "admin.logentry", "pk": 78, "fields": {"action_time": "2018-11-07T10:33:34.886", "user": ["onteeae@naver.com"], "content_type": ["article", "article"], "object_id": "3", "object_repr": "Article object (3)", "action_flag": 2, "change_message": "[{\"changed\": {\"fields\": [\"content\"]}}]"}}, {"model": "admin.logentry", "pk": 79, "fields": {"action_time": "2018-11-07T12:15:42.974", "user": ["onteeae@naver.com"], "content_type": ["comment", "comment"], "object_id": "1", "object_repr": "Comment object (1)", "action_flag": 1, "change_message": "[{\"added\": {}}]"}}, {"model": "admin.logentry", "pk": 80, "fields": {"action_time": "2018-11-07T12:15:53.786", "user": ["onteeae@naver.com"], "content_type": ["comment", "comment"], "object_id": "2", "object_repr": "Comment object (2)", "action_flag": 1, "change_message": "[{\"added\": {}}]"}}, {"model": "admin.logentry", "pk": 81, "fields": {"action_time": "2018-11-07T12:31:24.546", "user": ["onteeae@naver.com"], "content_type": ["comment", "comment"], "object_id": "3", "object_repr": "Comment object (3)", "action_flag": 1, "change_message": "[{\"added\": {}}]"}}, {"model": "admin.logentry", "pk": 82, "fields": {"action_time": "2018-11-07T14:23:09.438", "user": ["onteeae@naver.com"], "content_type": ["comment", "comment"], "object_id": "4", "object_repr": "Comment object (4)", "action_flag": 1, "change_message": "[{\"added\": {}}]"}}, {"model": "admin.logentry", "pk": 83, "fields": {"action_time": "2018-11-07T14:23:51.023", "user": ["onteeae@naver.com"], "content_type": ["comment", "comment"], "object_id": "5", "object_repr": "Comment object (5)", "action_flag": 1, "change_message": "[{\"added\": {}}]"}}, {"model": "admin.logentry", "pk": 84, "fields": {"action_time": "2018-11-07T14:50:25.136", "user": ["onteeae@naver.com"], "content_type": ["comment", "comment"], "object_id": "6", "object_repr": "Comment object (6)", "action_flag": 1, "change_message": "[{\"added\": {}}]"}}, {"model": "admin.logentry", "pk": 85, "fields": {"action_time": "2018-11-08T08:14:47.032", "user": ["onteeae@naver.com"], "content_type": ["user", "user"], "object_id": "4", "object_repr": "admin@snu.ac.kr", "action_flag": 1, "change_message": "[{\"added\": {}}]"}}, {"model": "admin.logentry", "pk": 86, "fields": {"action_time": "2018-11-08T08:15:28.782", "user": ["onteeae@naver.com"], "content_type": ["user", "user"], "object_id": "4", "object_repr": "admin@snu.ac.kr", "action_flag": 2, "change_message": "[{\"changed\": {\"fields\": [\"password\"]}}]"}}, {"model": "admin.logentry", "pk": 87, "fields": {"action_time": "2018-11-08T08:16:43.289", "user": ["onteeae@naver.com"], "content_type": ["user", "user"], "object_id": "5", "object_repr": "admin@admin.com", "action_flag": 2, "change_message": "[{\"changed\": {\"fields\": [\"is_superuser\", \"is_staff\"]}}]"}}, {"model": "admin.logentry", "pk": 88, "fields": {"action_time": "2018-11-08T11:05:11.628", "user": ["onteeae@naver.com"], "content_type": ["user", "user"], "object_id": "1", "object_repr": "onteeae@naver.com", "action_flag": 2, "change_message": "[{\"deleted\": {\"name\": \"user-interest \\uad00\\uacc4\", \"object\": \"User_interests object (None)\"}}, {\"deleted\": {\"name\": \"user-interest \\uad00\\uacc4\", \"object\": \"User_interests object (None)\"}}, {\"deleted\": {\"name\": \"user-interest \\uad00\\uacc4\", \"object\": \"User_interests object (None)\"}}, {\"deleted\": {\"name\": \"user-interest \\uad00\\uacc4\", \"object\": \"User_interests object (None)\"}}, {\"deleted\": {\"name\": \"user-interest \\uad00\\uacc4\", \"object\": \"User_interests object (None)\"}}, {\"deleted\": {\"name\": \"user-interest \\uad00\\uacc4\", \"object\": \"User_interests object (None)\"}}, {\"deleted\": {\"name\": \"user-interest \\uad00\\uacc4\", \"object\": \"User_interests object (None)\"}}, {\"deleted\": {\"name\": \"user-interest \\uad00\\uacc4\", \"object\": \"User_interests object (None)\"}}, {\"deleted\": {\"name\": \"user-interest \\uad00\\uacc4\", \"object\": \"User_interests object (None)\"}}, {\"deleted\": {\"name\": \"user-interest \\uad00\\uacc4\", \"object\": \"User_interests object (None)\"}}, {\"deleted\": {\"name\": \"user-interest \\uad00\\uacc4\", \"object\": \"User_interests object (None)\"}}, {\"deleted\": {\"name\": \"user-interest \\uad00\\uacc4\", \"object\": \"User_interests object (None)\"}}, {\"deleted\": {\"name\": \"user-interest \\uad00\\uacc4\", \"object\": \"User_interests object (None)\"}}]"}}, {"model": "admin.logentry", "pk": 89, "fields": {"action_time": "2018-11-08T11:06:05.549", "user": ["onteeae@naver.com"], "content_type": ["user", "user"], "object_id": "1", "object_repr": "onteeae@naver.com", "action_flag": 2, "change_message": "[{\"added\": {\"name\": \"user-interest \\uad00\\uacc4\", \"object\": \"User_interests object (15)\"}}, {\"added\": {\"name\": \"user-interest \\uad00\\uacc4\", \"object\": \"User_interests object (16)\"}}]"}}, {"model": "admin.logentry", "pk": 90, "fields": {"action_time": "2018-11-09T07:33:17.525", "user": ["onteeae@naver.com"], "content_type": ["interest", "interest"], "object_id": "35", "object_repr": "\ub9cc\ud14c1334", "action_flag": 3, "change_message": ""}}, {"model": "admin.logentry", "pk": 91, "fields": {"action_time": "2018-11-09T07:33:22.097", "user": ["onteeae@naver.com"], "content_type": ["interest", "interest"], "object_id": "34", "object_repr": "\ub9cc\ud14c133", "action_flag": 3, "change_message": ""}}, {"model": "admin.logentry", "pk": 92, "fields": {"action_time": "2018-11-09T07:33:24.454", "user": ["onteeae@naver.com"], "content_type": ["interest", "interest"], "object_id": "33", "object_repr": "\ub9cc\ud14c13", "action_flag": 3, "change_message": ""}}, {"model": "admin.logentry", "pk": 93, "fields": {"action_time": "2018-11-13T13:36:30.976", "user": ["onteeae@naver.com"], "content_type": ["article", "articletag"], "object_id": "1", "object_repr": "Tag2", "action_flag": 3, "change_message": ""}}, {"model": "admin.logentry", "pk": 94, "fields": {"action_time": "2018-11-13T13:36:33.639", "user": ["onteeae@naver.com"], "content_type": ["article", "articletag"], "object_id": "2", "object_repr": "Tag3", "action_flag": 3, "change_message": ""}}, {"model": "admin.logentry", "pk": 95, "fields": {"action_time": "2018-11-13T13:36:44.042", "user": ["onteeae@naver.com"], "content_type": ["article", "articletype"], "object_id": "1", "object_repr": "Type1", "action_flag": 3, "change_message": ""}}, {"model": "admin.logentry", "pk": 96, "fields": {"action_time": "2018-11-13T13:37:04.120", "user": ["onteeae@naver.com"], "content_type": ["comment", "comment"], "object_id": "26", "object_repr": "Comment object (26)", "action_flag": 3, "change_message": ""}}, {"model": "admin.logentry", "pk": 97, "fields": {"action_time": "2018-11-13T13:37:33.256", "user": ["onteeae@naver.com"], "content_type": ["comment", "comment"], "object_id": "25", "object_repr": "Comment object (25)", "action_flag": 3, "change_message": ""}}, {"model": "admin.logentry", "pk": 98, "fields": {"action_time": "2018-11-13T13:37:35.872", "user": ["onteeae@naver.com"], "content_type": ["comment", "comment"], "object_id": "24", "object_repr": "Comment object (24)", "action_flag": 3, "change_message": ""}}, {"model": "admin.logentry", "pk": 99, "fields": {"action_time": "2018-11-13T13:37:37.737", "user": ["onteeae@naver.com"], "content_type": ["comment", "comment"], "object_id": "22", "object_repr": "Comment object (22)", "action_flag": 3, "change_message": ""}}, {"model": "admin.logentry", "pk": 100, "fields": {"action_time": "2018-11-13T13:37:39.797", "user": ["onteeae@naver.com"], "content_type": ["comment", "comment"], "object_id": "21", "object_repr": "Comment object (21)", "action_flag": 3, "change_message": ""}}, {"model": "admin.logentry", "pk": 101, "fields": {"action_time": "2018-11-13T13:37:41.847", "user": ["onteeae@naver.com"], "content_type": ["comment", "comment"], "object_id": "20", "object_repr": "Comment object (20)", "action_flag": 3, "change_message": ""}}, {"model": "admin.logentry", "pk": 102, "fields": {"action_time": "2018-11-13T13:37:44.123", "user": ["onteeae@naver.com"], "content_type": ["comment", "comment"], "object_id": "19", "object_repr": "Comment object (19)", "action_flag": 3, "change_message": ""}}, {"model": "admin.logentry", "pk": 103, "fields": {"action_time": "2018-11-13T13:37:46.322", "user": ["onteeae@naver.com"], "content_type": ["comment", "comment"], "object_id": "18", "object_repr": "Comment object (18)", "action_flag": 3, "change_message": ""}}, {"model": "admin.logentry", "pk": 104, "fields": {"action_time": "2018-11-13T13:37:48.786", "user": ["onteeae@naver.com"], "content_type": ["comment", "comment"], "object_id": "17", "object_repr": "Comment object (17)", "action_flag": 3, "change_message": ""}}, {"model": "admin.logentry", "pk": 105, "fields": {"action_time": "2018-11-13T13:37:50.709", "user": ["onteeae@naver.com"], "content_type": ["comment", "comment"], "object_id": "16", "object_repr": "Comment object (16)", "action_flag": 3, "change_message": ""}}, {"model": "admin.logentry", "pk": 106, "fields": {"action_time": "2018-11-13T13:37:53.273", "user": ["onteeae@naver.com"], "content_type": ["comment", "comment"], "object_id": "15", "object_repr": "Comment object (15)", "action_flag": 3, "change_message": ""}}, {"model": "admin.logentry", "pk": 107, "fields": {"action_time": "2018-11-13T13:37:55.387", "user": ["onteeae@naver.com"], "content_type": ["comment", "comment"], "object_id": "14", "object_repr": "Comment object (14)", "action_flag": 3, "change_message": ""}}, {"model": "admin.logentry", "pk": 108, "fields": {"action_time": "2018-11-13T13:37:57.656", "user": ["onteeae@naver.com"], "content_type": ["comment", "comment"], "object_id": "13", "object_repr": "Comment object (13)", "action_flag": 3, "change_message": ""}}, {"model": "admin.logentry", "pk": 109, "fields": {"action_time": "2018-11-13T13:37:59.725", "user": ["onteeae@naver.com"], "content_type": ["comment", "comment"], "object_id": "11", "object_repr": "Comment object (11)", "action_flag": 3, "change_message": ""}}, {"model": "admin.logentry", "pk": 110, "fields": {"action_time": "2018-11-13T13:38:02.711", "user": ["onteeae@naver.com"], "content_type": ["comment", "comment"], "object_id": "12", "object_repr": "Comment object (12)", "action_flag": 3, "change_message": ""}}, {"model": "admin.logentry", "pk": 111, "fields": {"action_time": "2018-11-13T13:38:07.362", "user": ["onteeae@naver.com"], "content_type": ["comment", "comment"], "object_id": "10", "object_repr": "Comment object (10)", "action_flag": 3, "change_message": ""}}, {"model": "admin.logentry", "pk": 112, "fields": {"action_time": "2018-11-13T13:38:12.006", "user": ["onteeae@naver.com"], "content_type": ["comment", "comment"], "object_id": "9", "object_repr": "Comment object (9)", "action_flag": 3, "change_message": ""}}, {"model": "admin.logentry", "pk": 113, "fields": {"action_time": "2018-11-13T13:38:14.884", "user": ["onteeae@naver.com"], "content_type": ["comment", "comment"], "object_id": "5", "object_repr": "Comment object (5)", "action_flag": 3, "change_message": ""}}, {"model": "admin.logentry", "pk": 114, "fields": {"action_time": "2018-11-13T13:38:21.674", "user": ["onteeae@naver.com"], "content_type": ["comment", "comment"], "object_id": "4", "object_repr": "Comment object (4)", "action_flag": 3, "change_message": ""}}, {"model": "admin.logentry", "pk": 115, "fields": {"action_time": "2018-11-13T13:38:24.351", "user": ["onteeae@naver.com"], "content_type": ["comment", "comment"], "object_id": "3", "object_repr": "Comment object (3)", "action_flag": 3, "change_message": ""}}, {"model": "admin.logentry", "pk": 116, "fields": {"action_time": "2018-11-13T13:38:26.313", "user": ["onteeae@naver.com"], "content_type": ["comment", "comment"], "object_id": "2", "object_repr": "Comment object (2)", "action_flag": 3, "change_message": ""}}, {"model": "admin.logentry", "pk": 117, "fields": {"action_time": "2018-11-13T13:38:28.890", "user": ["onteeae@naver.com"], "content_type": ["comment", "comment"], "object_id": "1", "object_repr": "Comment object (1)", "action_flag": 3, "change_message": ""}}, {"model": "admin.logentry", "pk": 118, "fields": {"action_time": "2018-11-13T13:38:37.845", "user": ["onteeae@naver.com"], "content_type": ["interest", "interesttag"], "object_id": "1", "object_repr": "ITAG1", "action_flag": 3, "change_message": ""}}, {"model": "admin.logentry", "pk": 119, "fields": {"action_time": "2018-11-13T13:38:40.673", "user": ["onteeae@naver.com"], "content_type": ["interest", "interesttag"], "object_id": "2", "object_repr": "tag2", "action_flag": 3, "change_message": ""}}, {"model": "admin.logentry", "pk": 120, "fields": {"action_time": "2018-11-13T13:38:42.807", "user": ["onteeae@naver.com"], "content_type": ["interest", "interesttag"], "object_id": "3", "object_repr": "tag3", "action_flag": 3, "change_message": ""}}, {"model": "admin.logentry", "pk": 121, "fields": {"action_time": "2018-11-13T13:38:49.556", "user": ["onteeae@naver.com"], "content_type": ["interest", "interesttag"], "object_id": "4", "object_repr": "tag4", "action_flag": 3, "change_message": ""}}, {"model": "admin.logentry", "pk": 122, "fields": {"action_time": "2018-11-13T13:39:04.416", "user": ["onteeae@naver.com"], "content_type": ["interest", "interesttag"], "object_id": "5", "object_repr": "\ucde8\ubbf8", "action_flag": 3, "change_message": ""}}, {"model": "admin.logentry", "pk": 123, "fields": {"action_time": "2018-11-13T13:39:19.502", "user": ["onteeae@naver.com"], "content_type": ["interest", "interesttag"], "object_id": "9", "object_repr": "\ucde8\ubbf8", "action_flag": 1, "change_message": "[{\"added\": {}}]"}}, {"model": "admin.logentry", "pk": 124, "fields": {"action_time": "2018-11-13T13:39:29.418", "user": ["onteeae@naver.com"], "content_type": ["user", "user"], "object_id": "7", "object_repr": "signuptest2@test.com", "action_flag": 3, "change_message": ""}}, {"model": "admin.logentry", "pk": 125, "fields": {"action_time": "2018-11-13T13:39:32.692", "user": ["onteeae@naver.com"], "content_type": ["user", "user"], "object_id": "6", "object_repr": "signup1@test.com", "action_flag": 3, "change_message": ""}}, {"model": "admin.logentry", "pk": 126, "fields": {"action_time": "2018-11-13T13:39:37.944", "user": ["onteeae@naver.com"], "content_type": ["user", "user"], "object_id": "4", "object_repr": "admin@snu.ac.kr", "action_flag": 3, "change_message": ""}}, {"model": "admin.logentry", "pk": 127, "fields": {"action_time": "2018-11-13T13:39:40.493", "user": ["onteeae@naver.com"], "content_type": ["user", "user"], "object_id": "3", "object_repr": "a@b.com", "action_flag": 3, "change_message": ""}}, {"model": "admin.logentry", "pk": 128, "fields": {"action_time": "2018-11-13T13:39:43.460", "user": ["onteeae@naver.com"], "content_type": ["user", "user"], "object_id": "2", "object_repr": "signup@test.com", "action_flag": 3, "change_message": ""}}, {"model": "admin.logentry", "pk": 129, "fields": {"action_time": "2018-11-13T13:39:54.742", "user": ["onteeae@naver.com"], "content_type": ["interest", "interest"], "object_id": "2", "object_repr": "int2", "action_flag": 3, "change_message": ""}}, {"model": "admin.logentry", "pk": 130, "fields": {"action_time": "2018-11-13T13:40:00.999", "user": ["onteeae@naver.com"], "content_type": ["interest", "interest"], "object_id": "3", "object_repr": "hoo", "action_flag": 3, "change_message": ""}}, {"model": "admin.logentry", "pk": 131, "fields": {"action_time": "2018-11-13T13:40:04.468", "user": ["onteeae@naver.com"], "content_type": ["interest", "interest"], "object_id": "4", "object_repr": "hoo4", "action_flag": 3, "change_message": ""}}, {"model": "admin.logentry", "pk": 132, "fields": {"action_time": "2018-11-13T13:40:11.608", "user": ["onteeae@naver.com"], "content_type": ["interest", "interest"], "object_id": "6", "object_repr": "\ucde8\ubbf8\ub3d9\uc544\ub9ac", "action_flag": 3, "change_message": ""}}, {"model": "admin.logentry", "pk": 133, "fields": {"action_time": "2018-11-13T13:40:21.950", "user": ["onteeae@naver.com"], "content_type": ["interest", "interest"], "object_id": "7", "object_repr": "\ucde8\ubbf8\ub3d9\uc544\ub9ac2", "action_flag": 3, "change_message": ""}}, {"model": "admin.logentry", "pk": 134, "fields": {"action_time": "2018-11-13T13:40:25.087", "user": ["onteeae@naver.com"], "content_type": ["interest", "interest"], "object_id": "8", "object_repr": "\ud559\uc220\ub3d9\uc544\ub9ac", "action_flag": 3, "change_message": ""}}, {"model": "admin.logentry", "pk": 135, "fields": {"action_time": "2018-11-13T13:40:27.591", "user": ["onteeae@naver.com"], "content_type": ["interest", "interest"], "object_id": "9", "object_repr": "\ud30c\uc774\uc36c\ud29c\ud130\ub9c1", "action_flag": 3, "change_message": ""}}, {"model": "admin.logentry", "pk": 136, "fields": {"action_time": "2018-11-13T13:40:30.407", "user": ["onteeae@naver.com"], "content_type": ["interest", "interest"], "object_id": "10", "object_repr": "\ub9cc\ub4e4\uae30\ud14c\uc2a4\ud2b8", "action_flag": 3, "change_message": ""}}, {"model": "admin.logentry", "pk": 137, "fields": {"action_time": "2018-11-13T13:40:32.734", "user": ["onteeae@naver.com"], "content_type": ["interest", "interest"], "object_id": "45", "object_repr": "\ubcf4\uc5b4", "action_flag": 3, "change_message": ""}}, {"model": "admin.logentry", "pk": 138, "fields": {"action_time": "2018-11-13T13:40:34.744", "user": ["onteeae@naver.com"], "content_type": ["interest", "interest"], "object_id": "44", "object_repr": "\ud0dc\uadf8\ud14c\uc2a4\ud2b8", "action_flag": 3, "change_message": ""}}, {"model": "admin.logentry", "pk": 139, "fields": {"action_time": "2018-11-13T13:40:37.335", "user": ["onteeae@naver.com"], "content_type": ["interest", "interest"], "object_id": "43", "object_repr": "\uc548\ub155\ud558\uc138\uc694", "action_flag": 3, "change_message": ""}}, {"model": "admin.logentry", "pk": 140, "fields": {"action_time": "2018-11-13T13:40:45.588", "user": ["onteeae@naver.com"], "content_type": ["interest", "interest"], "object_id": "42", "object_repr": "\uc0ac\uc9c4\ud14c\uc2a4\ud2b8", "action_flag": 3, "change_message": ""}}, {"model": "admin.logentry", "pk": 141, "fields": {"action_time": "2018-11-13T13:40:45.596", "user": ["onteeae@naver.com"], "content_type": ["interest", "interest"], "object_id": "41", "object_repr": "\ud558\uc774", "action_flag": 3, "change_message": ""}}, {"model": "admin.logentry", "pk": 142, "fields": {"action_time": "2018-11-13T13:40:45.610", "user": ["onteeae@naver.com"], "content_type": ["interest", "interest"], "object_id": "40", "object_repr": "\ub9cc\ub4e4\uc790", "action_flag": 3, "change_message": ""}}, {"model": "admin.logentry", "pk": 143, "fields": {"action_time": "2018-11-13T13:40:45.619", "user": ["onteeae@naver.com"], "content_type": ["interest", "interest"], "object_id": "39", "object_repr": "\uad00\uc2dc\uc784\uc0ac", "action_flag": 3, "change_message": ""}}, {"model": "admin.logentry", "pk": 144, "fields": {"action_time": "2018-11-13T13:40:45.627", "user": ["onteeae@naver.com"], "content_type": ["interest", "interest"], "object_id": "38", "object_repr": "\ub9cc\ud14c103", "action_flag": 3, "change_message": ""}}, {"model": "admin.logentry", "pk": 145, "fields": {"action_time": "2018-11-13T13:40:45.641", "user": ["onteeae@naver.com"], "content_type": ["interest", "interest"], "object_id": "37", "object_repr": "\ub9cc\ud14c102", "action_flag": 3, "change_message": ""}}, {"model": "admin.logentry", "pk": 146, "fields": {"action_time": "2018-11-13T13:40:45.644", "user": ["onteeae@naver.com"], "content_type": ["interest", "interest"], "object_id": "36", "object_repr": "\ub9cc\ud14c101", "action_flag": 3, "change_message": ""}}, {"model": "admin.logentry", "pk": 147, "fields": {"action_time": "2018-11-13T13:40:45.663", "user": ["onteeae@naver.com"], "content_type": ["interest", "interest"], "object_id": "32", "object_repr": "\ub9cc\ud14c100", "action_flag": 3, "change_message": ""}}, {"model": "admin.logentry", "pk": 148, "fields": {"action_time": "2018-11-13T13:40:45.667", "user": ["onteeae@naver.com"], "content_type": ["interest", "interest"], "object_id": "31", "object_repr": "\ub9cc\ud14c1", "action_flag": 3, "change_message": ""}}, {"model": "admin.logentry", "pk": 149, "fields": {"action_time": "2018-11-13T13:40:45.689", "user": ["onteeae@naver.com"], "content_type": ["interest", "interest"], "object_id": "30", "object_repr": "\uc804\ubcd1\uace4\uad50\uc218\ub2d8", "action_flag": 3, "change_message": ""}}, {"model": "admin.logentry", "pk": 150, "fields": {"action_time": "2018-11-13T13:40:45.697", "user": ["onteeae@naver.com"], "content_type": ["interest", "interest"], "object_id": "29", "object_repr": "\u3141\u3147\u3139\u3134\u3139\u3134\u3147ff", "action_flag": 3, "change_message": ""}}, {"model": "admin.logentry", "pk": 151, "fields": {"action_time": "2018-11-13T13:40:45.707", "user": ["onteeae@naver.com"], "content_type": ["interest", "interest"], "object_id": "28", "object_repr": "\u3141\u3147\u3139\u3134\u3139\u3134\u3147", "action_flag": 3, "change_message": ""}}, {"model": "admin.logentry", "pk": 152, "fields": {"action_time": "2018-11-13T13:40:45.723", "user": ["onteeae@naver.com"], "content_type": ["interest", "interest"], "object_id": "27", "object_repr": "q2", "action_flag": 3, "change_message": ""}}, {"model": "admin.logentry", "pk": 153, "fields": {"action_time": "2018-11-13T13:40:45.726", "user": ["onteeae@naver.com"], "content_type": ["interest", "interest"], "object_id": "26", "object_repr": "q1", "action_flag": 3, "change_message": ""}}, {"model": "admin.logentry", "pk": 154, "fields": {"action_time": "2018-11-13T13:40:45.751", "user": ["onteeae@naver.com"], "content_type": ["interest", "interest"], "object_id": "25", "object_repr": "gg123", "action_flag": 3, "change_message": ""}}, {"model": "admin.logentry", "pk": 155, "fields": {"action_time": "2018-11-13T13:40:45.754", "user": ["onteeae@naver.com"], "content_type": ["interest", "interest"], "object_id": "24", "object_repr": "gg12", "action_flag": 3, "change_message": ""}}, {"model": "admin.logentry", "pk": 156, "fields": {"action_time": "2018-11-13T13:40:45.768", "user": ["onteeae@naver.com"], "content_type": ["interest", "interest"], "object_id": "23", "object_repr": "gg1", "action_flag": 3, "change_message": ""}}, {"model": "admin.logentry", "pk": 157, "fields": {"action_time": "2018-11-13T13:40:45.778", "user": ["onteeae@naver.com"], "content_type": ["interest", "interest"], "object_id": "22", "object_repr": "gg", "action_flag": 3, "change_message": ""}}, {"model": "admin.logentry", "pk": 158, "fields": {"action_time": "2018-11-13T13:40:45.787", "user": ["onteeae@naver.com"], "content_type": ["interest", "interest"], "object_id": "21", "object_repr": "gd", "action_flag": 3, "change_message": ""}}, {"model": "admin.logentry", "pk": 159, "fields": {"action_time": "2018-11-13T13:40:45.801", "user": ["onteeae@naver.com"], "content_type": ["interest", "interest"], "object_id": "20", "object_repr": "\ud14c\uc2a4\ud2b8", "action_flag": 3, "change_message": ""}}, {"model": "admin.logentry", "pk": 160, "fields": {"action_time": "2018-11-13T13:40:45.805", "user": ["onteeae@naver.com"], "content_type": ["interest", "interest"], "object_id": "19", "object_repr": "new", "action_flag": 3, "change_message": ""}}, {"model": "admin.logentry", "pk": 161, "fields": {"action_time": "2018-11-13T13:40:45.825", "user": ["onteeae@naver.com"], "content_type": ["interest", "interest"], "object_id": "18", "object_repr": "\uad00\uc2ec\uc0ac", "action_flag": 3, "change_message": ""}}, {"model": "admin.logentry", "pk": 162, "fields": {"action_time": "2018-11-13T13:40:45.829", "user": ["onteeae@naver.com"], "content_type": ["interest", "interest"], "object_id": "17", "object_repr": "\uc815\uc601\uc218", "action_flag": 3, "change_message": ""}}, {"model": "admin.logentry", "pk": 163, "fields": {"action_time": "2018-11-13T13:40:45.848", "user": ["onteeae@naver.com"], "content_type": ["interest", "interest"], "object_id": "16", "object_repr": "\ubcf4\uaddc", "action_flag": 3, "change_message": ""}}, {"model": "admin.logentry", "pk": 164, "fields": {"action_time": "2018-11-13T13:40:45.857", "user": ["onteeae@naver.com"], "content_type": ["interest", "interest"], "object_id": "15", "object_repr": "23344", "action_flag": 3, "change_message": ""}}, {"model": "admin.logentry", "pk": 165, "fields": {"action_time": "2018-11-13T13:40:45.865", "user": ["onteeae@naver.com"], "content_type": ["interest", "interest"], "object_id": "14", "object_repr": "2334", "action_flag": 3, "change_message": ""}}, {"model": "admin.logentry", "pk": 166, "fields": {"action_time": "2018-11-13T13:40:45.878", "user": ["onteeae@naver.com"], "content_type": ["interest", "interest"], "object_id": "13", "object_repr": "233", "action_flag": 3, "change_message": ""}}, {"model": "admin.logentry", "pk": 167, "fields": {"action_time": "2018-11-13T13:40:45.883", "user": ["onteeae@naver.com"], "content_type": ["interest", "interest"], "object_id": "12", "object_repr": "23", "action_flag": 3, "change_message": ""}}, {"model": "admin.logentry", "pk": 168, "fields": {"action_time": "2018-11-13T13:40:45.909", "user": ["onteeae@naver.com"], "content_type": ["interest", "interest"], "object_id": "11", "object_repr": "\ub9cc\ub4e4\uae30\ud14c\uc2a4\ud2b81", "action_flag": 3, "change_message": ""}}, {"model": "admin.logentry", "pk": 169, "fields": {"action_time": "2018-11-13T13:42:26.027", "user": ["onteeae@naver.com"], "content_type": ["interest", "interesttag"], "object_id": "10", "object_repr": "\uac15\uc758", "action_flag": 1, "change_message": "[{\"added\": {}}]"}}, {"model": "admin.logentry", "pk": 170, "fields": {"action_time": "2018-11-13T13:45:41.111", "user": ["onteeae@naver.com"], "content_type": ["interest", "interest"], "object_id": "47", "object_repr": "\uc584\ub77c\uc169", "action_flag": 2, "change_message": "[{\"changed\": {\"fields\": [\"detail\", \"photoURL\"]}}]"}}, {"model": "admin.logentry", "pk": 171, "fields": {"action_time": "2018-11-13T13:47:28.118", "user": ["onteeae@naver.com"], "content_type": ["comment", "comment"], "object_id": "28", "object_repr": "Comment object (28)", "action_flag": 2, "change_message": "[{\"changed\": {\"fields\": [\"author\"]}}]"}}, {"model": "admin.logentry", "pk": 172, "fields": {"action_time": "2018-11-13T13:47:58.480", "user": ["onteeae@naver.com"], "content_type": ["user", "user"], "object_id": "1", "object_repr": "onteeae@naver.com", "action_flag": 2, "change_message": "[{\"added\": {\"object\": \"User_interests object (25)\", \"name\": \"user-interest \\uad00\\uacc4\"}}, {\"added\": {\"object\": \"User_interests object (26)\", \"name\": \"user-interest \\uad00\\uacc4\"}}]"}}, {"model": "admin.logentry", "pk": 173, "fields": {"action_time": "2018-11-14T01:08:59.749", "user": ["onteeae@naver.com"], "content_type": ["interest", "interest"], "object_id": "46", "object_repr": "\uc18c\uac1c\uc6d0\uc2e4 2018 Fall", "action_flag": 2, "change_message": "[{\"changed\": {\"fields\": [\"detail\", \"photoURL\"]}}]"}}, {"model": "admin.logentry", "pk": 174, "fields": {"action_time": "2018-11-14T17:36:32.779", "user": ["onteeae@naver.com"], "content_type": ["article", "article"], "object_id": "28", "object_repr": "Article object (28)", "action_flag": 3, "change_message": ""}}, {"model": "admin.logentry", "pk": 175, "fields": {"action_time": "2018-11-14T17:36:36.165", "user": ["onteeae@naver.com"], "content_type": ["article", "article"], "object_id": "27", "object_repr": "Article object (27)", "action_flag": 3, "change_message": ""}}, {"model": "admin.logentry", "pk": 176, "fields": {"action_time": "2018-11-14T17:36:40.778", "user": ["onteeae@naver.com"], "content_type": ["article", "article"], "object_id": "26", "object_repr": "Article object (26)", "action_flag": 3, "change_message": ""}}, {"model": "admin.logentry", "pk": 177, "fields": {"action_time": "2018-11-14T17:53:02.049", "user": ["onteeae@naver.com"], "content_type": ["article", "article"], "object_id": "33", "object_repr": "Article object (33)", "action_flag": 3, "change_message": ""}}]