[{"model": "contenttypes.contenttype", "pk": 1, "fields": {"app_label": "admin", "model": "logentry"}}, {"model": "contenttypes.contenttype", "pk": 2, "fields": {"app_label": "auth", "model": "permission"}}, {"model": "contenttypes.contenttype", "pk": 3, "fields": {"app_label": "auth", "model": "group"}}, {"model": "contenttypes.contenttype", "pk": 4, "fields": {"app_label": "contenttypes", "model": "contenttype"}}, {"model": "contenttypes.contenttype", "pk": 5, "fields": {"app_label": "sessions", "model": "session"}}, {"model": "contenttypes.contenttype", "pk": 6, "fields": {"app_label": "authtoken", "model": "token"}}, {"model": "contenttypes.contenttype", "pk": 7, "fields": {"app_label": "user", "model": "department"}}, {"model": "contenttypes.contenttype", "pk": 8, "fields": {"app_label": "user", "model": "college"}}, {"model": "contenttypes.contenttype", "pk": 9, "fields": {"app_label": "user", "model": "user"}}, {"model": "contenttypes.contenttype", "pk": 10, "fields": {"app_label": "comment", "model": "comment"}}, {"model": "contenttypes.contenttype", "pk": 11, "fields": {"app_label": "article", "model": "articletag"}}, {"model": "contenttypes.contenttype", "pk": 12, "fields": {"app_label": "article", "model": "article"}}, {"model": "contenttypes.contenttype", "pk": 13, "fields": {"app_label": "article", "model": "articletype"}}, {"model": "contenttypes.contenttype", "pk": 14, "fields": {"app_label": "interest", "model": "interest"}}, {"model": "contenttypes.contenttype", "pk": 15, "fields": {"app_label": "interest", "model": "interesttag"}}, {"model": "contenttypes.contenttype", "pk": 16, "fields": {"app_label": "article", "model": "tagcolor"}}, {"model": "sessions.session", "pk": "1fwqpn4zaki70w4j889oy6t559cpdjsq", "fields": {"session_data": "NTA3M2M3MjlmYWViMWQyYThkY2FmOWM3OWU1ZmJiOTJmMzM2OGRjYjp7Il9hdXRoX3VzZXJfaGFzaCI6IjQwMzQxNjgzOTQ2NDJiYTMyNjllMmIzZDc2MTc5NGViMDEyMjRhZDEiLCJfYXV0aF91c2VyX2JhY2tlbmQiOiJkamFuZ28uY29udHJpYi5hdXRoLmJhY2tlbmRzLk1vZGVsQmFja2VuZCIsIl9hdXRoX3VzZXJfaWQiOiIxIn0=", "expire_date": "2018-11-18T12:50:38.495Z"}}, {"model": "sessions.session", "pk": "8dzfrgsnf8hb5usi7i11qyjjgwb8qxv8", "fields": {"session_data": "YjQ3Y2FjZGNhOWRjNjkxZWZmNDI0NGRjODRkMDdmM2FlNTc2YzNkODp7Il9hdXRoX3VzZXJfaGFzaCI6IjQwMzQxNjgzOTQ2NDJiYTMyNjllMmIzZDc2MTc5NGViMDEyMjRhZDEiLCJfYXV0aF91c2VyX2lkIjoiMSIsIl9hdXRoX3VzZXJfYmFja2VuZCI6ImRqYW5nby5jb250cmliLmF1dGguYmFja2VuZHMuTW9kZWxCYWNrZW5kIn0=", "expire_date": "2018-11-18T15:20:03.266Z"}}, {"model": "sessions.session", "pk": "d8knq8m9leszsd3hw214duvzkmybtq7d", "fields": {"session_data": "YjQ3Y2FjZGNhOWRjNjkxZWZmNDI0NGRjODRkMDdmM2FlNTc2YzNkODp7Il9hdXRoX3VzZXJfaGFzaCI6IjQwMzQxNjgzOTQ2NDJiYTMyNjllMmIzZDc2MTc5NGViMDEyMjRhZDEiLCJfYXV0aF91c2VyX2lkIjoiMSIsIl9hdXRoX3VzZXJfYmFja2VuZCI6ImRqYW5nby5jb250cmliLmF1dGguYmFja2VuZHMuTW9kZWxCYWNrZW5kIn0=", "expire_date": "2018-11-20T08:30:39.507Z"}}, {"model": "sessions.session", "pk": "u2rsdzhlwupzsa6mf5fqk1r9yvfnyqeu", "fields": {"session_data": "MWFiZmQ1YmE3YWZhZmJiYzEzNWQ5MmFiMTY5OWVlYTRmOTZjNjdkNDp7Il9hdXRoX3VzZXJfYmFja2VuZCI6ImRqYW5nby5jb250cmliLmF1dGguYmFja2VuZHMuTW9kZWxCYWNrZW5kIiwiX2F1dGhfdXNlcl9pZCI6IjEiLCJfYXV0aF91c2VyX2hhc2giOiI0MDM0MTY4Mzk0NjQyYmEzMjY5ZTJiM2Q3NjE3OTRlYjAxMjI0YWQxIn0=", "expire_date": "2018-11-19T12:21:12.974Z"}}, {"model": "user.college", "pk": 1, "fields": {"name": "\uc778\ubb38\ub300\ud559"}}, {"model": "user.college", "pk": 2, "fields": {"name": "\uc790\uc5f0\uacfc\ud559\ub300\ud559"}}, {"model": "user.college", "pk": 3, "fields": {"name": "\uacf5\uacfc\ub300\ud559"}}, {"model": "user.college", "pk": 4, "fields": {"name": "\ubbf8\uc220\ub300\ud559"}}, {"model": "user.college", "pk": 5, "fields": {"name": "\uc74c\uc545\ub300\ud559"}}, {"model": "user.college", "pk": 6, "fields": {"name": "\ubc95\ud559\uc804\ubb38\ub300\ud559\uc6d0"}}, {"model": "user.college", "pk": 7, "fields": {"name": "\uae30\ucd08\uad50\uc721\uc6d0"}}, {"model": "user.college", "pk": 8, "fields": {"name": "\uc0ac\ud68c\uacfc\ud559\ub300\ud559"}}, {"model": "user.college", "pk": 9, "fields": {"name": "\ud658\uacbd\ub300\ud559\uc6d0"}}, {"model": "user.college", "pk": 10, "fields": {"name": "\uac04\ud638\ub300\ud559"}}, {"model": "user.college", "pk": 11, "fields": {"name": "\uc735\ud569\uacfc\ud559\uae30\uc220\ub300\ud559\uc6d0"}}, {"model": "user.college", "pk": 12, "fields": {"name": "\uc57d\ud559\ub300\ud559"}}, {"model": "user.college", "pk": 13, "fields": {"name": "\uc0ac\ubc94\ub300\ud559"}}, {"model": "user.college", "pk": 14, "fields": {"name": "\uc758\uacfc\ub300\ud559"}}, {"model": "user.college", "pk": 15, "fields": {"name": "\uce58\uc758\ud559\ub300\ud559\uc6d0"}}, {"model": "user.college", "pk": 16, "fields": {"name": "\ubcf4\uac74\ub300\ud559\uc6d0"}}, {"model": "user.college", "pk": 17, "fields": {"name": "\uacbd\uc601\ub300\ud559"}}, {"model": "user.college", "pk": 18, "fields": {"name": "\uc0dd\ud65c\uacfc\ud559\ub300\ud559"}}, {"model": "user.college", "pk": 19, "fields": {"name": "\ub18d\uc5c5\uc0dd\uba85\uacfc\ud559\ub300\ud559"}}, {"model": "user.college", "pk": 20, "fields": {"name": "\uc218\uc758\uacfc\ub300\ud559"}}, {"model": "user.college", "pk": 21, "fields": {"name": "\uad6d\uc81c\ub300\ud559\uc6d0"}}, {"model": "user.college", "pk": 22, "fields": {"name": "\uc758\ud559\ub300\ud559\uc6d0"}}, {"model": "user.college", "pk": 23, "fields": {"name": "\ubc95\uacfc\ub300\ud559"}}, {"model": "user.college", "pk": 24, "fields": {"name": "\ud589\uc815\ub300\ud559\uc6d0"}}, {"model": "user.college", "pk": 25, "fields": {"name": "\uacf5\ud559\uc804\ubb38\ub300\ud559\uc6d0"}}, {"model": "user.college", "pk": 26, "fields": {"name": "\uad6d\uc81c\ub18d\uc5c5\uae30\uc220\ub300\ud559\uc6d0"}}, {"model": "user.college", "pk": 27, "fields": {"name": "\uce58\uacfc\ub300\ud559"}}, {"model": "user.college", "pk": 28, "fields": {"name": "\ubb34\uc18c\uc18d\ub300\ud559"}}, {"model": "user.college", "pk": 29, "fields": {"name": "\ub300\ud559\uc6d0"}}, {"model": "user.college", "pk": 30, "fields": {"name": "\uc790\uc720\uc804\uacf5\ud559\ubd80"}}, {"model": "user.college", "pk": 31, "fields": {"name": "\n"}}, {"model": "user.department", "pk": 1, "fields": {"name": "\uc5b8\uc5b4\ud559\uacfc\n", "college": 1}}, {"model": "user.department", "pk": 2, "fields": {"name": "\ub3c5\uc5b4\ub3c5\ubb38\ud559\uacfc\n", "college": 1}}, {"model": "user.department", "pk": 3, "fields": {"name": "\uc601\uc5b4\uc601\ubb38\ud559\uacfc\n", "college": 1}}, {"model": "user.department", "pk": 4, "fields": {"name": "\ud654\ud559\ubd80\n", "college": 2}}, {"model": "user.department", "pk": 5, "fields": {"name": "\uc218\ub9ac\uacfc\ud559\ubd80\n", "college": 2}}, {"model": "user.department", "pk": 6, "fields": {"name": "\ucef4\ud4e8\ud130\uacf5\ud559\ubd80\n", "college": 3}}, {"model": "user.department", "pk": 7, "fields": {"name": "\ud611\ub3d9\uacfc\uc815  \ube44\uad50\ubb38\ud559\uc804\uacf5\n", "college": 1}}, {"model": "user.department", "pk": 8, "fields": {"name": "\uad6d\uc5b4\uad6d\ubb38\ud559\uacfc\n", "college": 1}}, {"model": "user.department", "pk": 9, "fields": {"name": "\uc911\uc5b4\uc911\ubb38\ud559\uacfc\n", "college": 1}}, {"model": "user.department", "pk": 10, "fields": {"name": "\uc11c\uc591\ud654\uacfc\n", "college": 4}}, {"model": "user.department", "pk": 11, "fields": {"name": "\ubbf8\ud559\uacfc\n", "college": 1}}, {"model": "user.department", "pk": 12, "fields": {"name": "\uc791\uace1\uacfc(\uc774\ub860\uc804\uacf5)\n", "college": 5}}, {"model": "user.department", "pk": 13, "fields": {"name": "\ucca0\ud559\uacfc\n", "college": 1}}, {"model": "user.department", "pk": 14, "fields": {"name": "\uace0\uace0\ubbf8\uc220\uc0ac\ud559\uacfc\n", "college": 1}}, {"model": "user.department", "pk": 15, "fields": {"name": "\ub3d9\uc591\uc0ac\ud559\uacfc\n", "college": 1}}, {"model": "user.department", "pk": 16, "fields": {"name": "\uad6d\uc0ac\ud559\uacfc\n", "college": 1}}, {"model": "user.department", "pk": 17, "fields": {"name": "\uc11c\uc591\uc0ac\ud559\uacfc\n", "college": 1}}, {"model": "user.department", "pk": 18, "fields": {"name": "\uc885\uad50\ud559\uacfc\n", "college": 1}}, {"model": "user.department", "pk": 19, "fields": {"name": "\ubc95\ud559\uacfc\n", "college": 6}}, {"model": "user.department", "pk": 20, "fields": {"name": "\n", "college": 7}}, {"model": "user.department", "pk": 21, "fields": {"name": "\uc9c0\ub9ac\ud559\uacfc\n", "college": 8}}, {"model": "user.department", "pk": 22, "fields": {"name": "\uc778\ub958\ud559\uacfc\n", "college": 8}}, {"model": "user.department", "pk": 23, "fields": {"name": "\uc2ec\ub9ac\ud559\uacfc(\uc2ec\ub9ac\ud559\uc804\uacf5)\n", "college": 8}}, {"model": "user.department", "pk": 24, "fields": {"name": "\uc9c0\uad6c\ud658\uacbd\uacfc\ud559\ubd80\n", "college": 2}}, {"model": "user.department", "pk": 25, "fields": {"name": "\ud658\uacbd\uacc4\ud68d\ud559\uacfc\n", "college": 9}}, {"model": "user.department", "pk": 26, "fields": {"name": "\uc0b0\uc5c5\uacf5\ud559\uacfc\n", "college": 3}}, {"model": "user.department", "pk": 27, "fields": {"name": "\ub1cc\uc778\uc9c0\uacfc\ud559\uacfc(\ub1cc\uc778\uc9c0\uacfc\ud559\uc804\uacf5)\n", "college": 2}}, {"model": "user.department", "pk": 28, "fields": {"name": "\uac04\ud638\ud559\uacfc\n", "college": 10}}, {"model": "user.department", "pk": 29, "fields": {"name": "\uc735\ud569\uacfc\ud559\ubd80(\ub514\uc9c0\ud138\uc815\ubcf4\uc735\ud569\uc804\uacf5)\n", "college": 11}}, {"model": "user.department", "pk": 30, "fields": {"name": "\uc218\ub9ac\uc815\ubcf4\uacfc\ud559\uacfc\n", "college": 11}}, {"model": "user.department", "pk": 31, "fields": {"name": "\ub3c5\uc5b4\uad50\uc721\uacfc\n", "college": 13}}, {"model": "user.department", "pk": 32, "fields": {"name": "\uc758\ud559\uacfc(\uc815\ud615\uc678\uacfc\ud559\uc804\uacf5)\n", "college": 14}}, {"model": "user.department", "pk": 33, "fields": {"name": "\ud1b5\uacc4\ud559\uacfc\n", "college": 2}}, {"model": "user.department", "pk": 34, "fields": {"name": "\uce58\uc758\ud559\uacfc(\uce58\uc758\ud559\uc804\uacf5)\n", "college": 15}}, {"model": "user.department", "pk": 35, "fields": {"name": "\uc870\uc18c\uacfc\n", "college": 4}}, {"model": "user.department", "pk": 36, "fields": {"name": "\uc758\ud559\uacfc(\ub0b4\uacfc\ud559\uc804\uacf5)\n", "college": 14}}, {"model": "user.department", "pk": 37, "fields": {"name": "\ud658\uacbd\ubcf4\uac74\ud559\uacfc(\ud658\uacbd\ubcf4\uac74\ud559\uc804\uacf5)\n", "college": 16}}, {"model": "user.department", "pk": 38, "fields": {"name": "\uad6d\uc545\uacfc\n", "college": 5}}, {"model": "user.department", "pk": 39, "fields": {"name": "\ud658\uacbd\uc870\uacbd\ud559\uacfc(\ud658\uacbd\uc870\uacbd\ud559\uc804\uacf5)\n", "college": 9}}, {"model": "user.department", "pk": 40, "fields": {"name": "\uc0ac\ud68c\ud559\uacfc\n", "college": 8}}, {"model": "user.department", "pk": 41, "fields": {"name": "\uc0ac\ud68c\ubcf5\uc9c0\ud559\uacfc\n", "college": 8}}, {"model": "user.department", "pk": 42, "fields": {"name": "\uc5b8\ub860\uc815\ubcf4\ud559\uacfc\n", "college": 8}}, {"model": "user.department", "pk": 43, "fields": {"name": "\uc5b8\ub860\uc815\ubcf4\ud559\uacfc(\uc5f0\ud569\uc804\uacf5 \uc815\ubcf4\ubb38\ud654\ud559)\n", "college": 8}}, {"model": "user.department", "pk": 44, "fields": {"name": "\uacbd\uc81c\ud559\ubd80\n", "college": 8}}, {"model": "user.department", "pk": 45, "fields": {"name": "\ud611\ub3d9\uacfc\uc815  \uc5ec\uc131\ud559\uc804\uacf5\n", "college": 8}}, {"model": "user.department", "pk": 46, "fields": {"name": "\uc815\uce58\uc678\uad50\ud559\ubd80\n", "college": 8}}, {"model": "user.department", "pk": 47, "fields": {"name": "\uc815\uce58\uc678\uad50\ud559\ubd80(\uc815\uce58\ud559\uc804\uacf5)\n", "college": 8}}, {"model": "user.department", "pk": 48, "fields": {"name": "\uc815\uce58\uc678\uad50\ud559\ubd80(\uc678\uad50\ud559\uc804\uacf5)\n", "college": 8}}, {"model": "user.department", "pk": 49, "fields": {"name": "\uacbd\uc601\ud559\uacfc(\uc5f0\ud569\uc804\uacf5 \ubca4\ucc98\uacbd\uc601\ud559)\n", "college": 17}}, {"model": "user.department", "pk": 50, "fields": {"name": "\uacbd\uc601\ud559\uacfc\n", "college": 17}}, {"model": "user.department", "pk": 51, "fields": {"name": "\uc0dd\uba85\uacfc\ud559\ubd80\n", "college": 2}}, {"model": "user.department", "pk": 52, "fields": {"name": "\ubb3c\ub9ac\u00b7\ucc9c\ubb38\ud559\ubd80(\ubb3c\ub9ac\ud559\uc804\uacf5)\n", "college": 2}}, {"model": "user.department", "pk": 53, "fields": {"name": "\ubb3c\ub9ac\u00b7\ucc9c\ubb38\ud559\ubd80(\ucc9c\ubb38\ud559\uc804\uacf5)\n", "college": 2}}, {"model": "user.department", "pk": 54, "fields": {"name": "\ud611\ub3d9\uacfc\uc815 \ub1cc\uacfc\ud559\uc804\uacf5\n", "college": 2}}, {"model": "user.department", "pk": 55, "fields": {"name": "\ud611\ub3d9\uacfc\uc815 \uc0dd\ubb3c\uc815\ubcf4\ud559\uc804\uacf5\n", "college": 2}}, {"model": "user.department", "pk": 56, "fields": {"name": "\ud611\ub3d9\uacfc\uc815\uc0dd\ubb3c\ubb3c\ub9ac\ubc0f\ud654\ud559\uc0dd\ubb3c\ud559\uc804\uacf5\n", "college": 2}}, {"model": "user.department", "pk": 57, "fields": {"name": "\uc2dd\ud488\uc601\uc591\ud559\uacfc\n", "college": 18}}, {"model": "user.department", "pk": 58, "fields": {"name": "\uc758\ub958\ud559\uacfc\n", "college": 18}}, {"model": "user.department", "pk": 59, "fields": {"name": "\uc18c\ube44\uc790\ud559\uacfc\n", "college": 18}}, {"model": "user.department", "pk": 60, "fields": {"name": "\uc18c\ube44\uc790\uc544\ub3d9\ud559\ubd80(\uc18c\ube44\uc790\ud559\uc804\uacf5)\n", "college": 18}}, {"model": "user.department", "pk": 61, "fields": {"name": "\uac74\ucd95\ud559\uacfc\n", "college": 3}}, {"model": "user.department", "pk": 62, "fields": {"name": "\uac74\ucd95\ud559\uacfc(\uac74\ucd95\ud559\uacfc \uac74\ucd95\ud559\uc804\uacf5(5\ub144\uc81c))\n", "college": 3}}, {"model": "user.department", "pk": 63, "fields": {"name": "\uac74\ucd95\ud559\uacfc(\uac74\ucd95\ud559\uacfc \uac74\ucd95\uacf5\ud559\uc804\uacf5)\n", "college": 3}}, {"model": "user.department", "pk": 64, "fields": {"name": "\uc6d0\uc790\ud575\uacf5\ud559\uacfc\n", "college": 3}}, {"model": "user.department", "pk": 65, "fields": {"name": "\uc7ac\ub8cc\uacf5\ud559\ubd80\n", "college": 3}}, {"model": "user.department", "pk": 66, "fields": {"name": "\uae30\uacc4\ud56d\uacf5\uacf5\ud559\ubd80(\uc6b0\uc8fc\ud56d\uacf5\uacf5\ud559\uc804\uacf5)\n", "college": 3}}, {"model": "user.department", "pk": 67, "fields": {"name": "\uae30\uacc4\ud56d\uacf5\uacf5\ud559\ubd80(\uae30\uacc4\uacf5\ud559\uc804\uacf5)\n", "college": 3}}, {"model": "user.department", "pk": 68, "fields": {"name": "\uac74\uc124\ud658\uacbd\uacf5\ud559\ubd80\n", "college": 3}}, {"model": "user.department", "pk": 69, "fields": {"name": "\uc5d0\ub108\uc9c0\uc2dc\uc2a4\ud15c\uacf5\ud559\ubd80(\uc6d0\uc790\ud575\uacf5\ud559\uc804\uacf5)\n", "college": 3}}, {"model": "user.department", "pk": 70, "fields": {"name": "\uc5d0\ub108\uc9c0\uc790\uc6d0\uacf5\ud559\uacfc\n", "college": 3}}, {"model": "user.department", "pk": 71, "fields": {"name": "\uae30\uacc4\ud56d\uacf5\uacf5\ud559\ubd80(\uba40\ud2f0\uc2a4\ucf00\uc77c\uae30\uacc4\uc124\uacc4\uc804\uacf5)\n", "college": 3}}, {"model": "user.department", "pk": 72, "fields": {"name": "\ub18d\uc0b0\uc5c5\uad50\uc721\uacfc\n", "college": 19}}, {"model": "user.department", "pk": 73, "fields": {"name": "\uc2dd\ubb3c\uc0dd\uc0b0\uacfc\ud559\ubd80(\uc0b0\uc5c5\uc778\ub825\uac1c\ubc1c\ud559\uc804\uacf5)\n", "college": 19}}, {"model": "user.department", "pk": 74, "fields": {"name": "\uc751\uc6a9\uc0dd\ubb3c\ud654\ud559\ubd80(\uc751\uc6a9\uc0dd\uba85\ud654\ud559\uc804\uacf5)\n", "college": 19}}, {"model": "user.department", "pk": 75, "fields": {"name": "\ub18d\uacbd\uc81c\uc0ac\ud68c\ud559\ubd80(\uc9c0\uc5ed\uc815\ubcf4\uc804\uacf5)\n", "college": 19}}, {"model": "user.department", "pk": 76, "fields": {"name": "\uc0b0\ub9bc\uacfc\ud559\ubd80(\uc0b0\ub9bc\ud658\uacbd\ud559\uc804\uacf5)\n", "college": 19}}, {"model": "user.department", "pk": 77, "fields": {"name": "\ubc14\uc774\uc624\uc2dc\uc2a4\ud15c\u00b7\uc18c\uc7ac\ud559\ubd80(\ubc14\uc774\uc624\uc2dc\uc2a4\ud15c\uacf5\ud559\uc804\uacf5)\n", "college": 19}}, {"model": "user.department", "pk": 78, "fields": {"name": "\ubc14\uc774\uc624\uc2dc\uc2a4\ud15c\u00b7\uc18c\uc7ac\ud559\ubd80(\ubc14\uc774\uc624\uc18c\uc7ac\uacf5\ud559\uc804\uacf5)\n", "college": 19}}, {"model": "user.department", "pk": 79, "fields": {"name": "\uc0dd\ud0dc\uc870\uacbd\u00b7\uc9c0\uc5ed\uc2dc\uc2a4\ud15c\uacf5\ud559\ubd80(\uc0dd\ud0dc\uc870\uacbd\ud559\uc804\uacf5)\n", "college": 19}}, {"model": "user.department", "pk": 80, "fields": {"name": "\ub18d\uc0dd\uba85\uacf5\ud559\ubd80\n", "college": 19}}, {"model": "user.department", "pk": 81, "fields": {"name": "\uc218\uc758\ud559\uacfc\n", "college": 20}}, {"model": "user.department", "pk": 82, "fields": {"name": "\ub3d9\uc591\ud654\uacfc\n", "college": 4}}, {"model": "user.department", "pk": 83, "fields": {"name": "\ub514\uc790\uc778\ud559\ubd80(\ub514\uc790\uc778\uc804\uacf5)\n", "college": 4}}, {"model": "user.department", "pk": 84, "fields": {"name": "\ub514\uc790\uc778\ud559\ubd80(\uc5f0\uacc4\uc804\uacf5 \ud1b5\ud569\ucc3d\uc758\ub514\uc790\uc778)\n", "college": 4}}, {"model": "user.department", "pk": 85, "fields": {"name": "\ud611\ub3d9\uacfc\uc815 \ubbf8\uc220\uacbd\uc601(\ubbf8\uc220\uacbd\uc601\uc804\uacf5)\n", "college": 4}}, {"model": "user.department", "pk": 86, "fields": {"name": "\ub514\uc790\uc778\ud559\ubd80(\uacf5\uc608\uc804\uacf5)\n", "college": 4}}, {"model": "user.department", "pk": 87, "fields": {"name": "\uc131\uc545\uacfc\n", "college": 5}}, {"model": "user.department", "pk": 88, "fields": {"name": "\uc791\uace1\uacfc(\uc791\uace1\uc804\uacf5)\n", "college": 5}}, {"model": "user.department", "pk": 89, "fields": {"name": "\uae30\uc545\uacfc(\ud53c\uc544\ub178\uc804\uacf5)\n", "college": 5}}, {"model": "user.department", "pk": 90, "fields": {"name": "\uc74c\uc545\uacfc\n", "college": 5}}, {"model": "user.department", "pk": 91, "fields": {"name": "null(\uacfc\ud559\uad50\uc721\uacc4)\n", "college": 13}}, {"model": "user.department", "pk": 92, "fields": {"name": "\uad50\uc721\ud559\uacfc\n", "college": 13}}, {"model": "user.department", "pk": 93, "fields": {"name": "\ud611\ub3d9\uacfc\uc815 \ubbf8\uc220\uad50\uc721\uc804\uacf5\n", "college": 13}}, {"model": "user.department", "pk": 94, "fields": {"name": "\ud611\ub3d9\uacfc\uc815 \uac00\uc815\uad50\uc721\uc804\uacf5\n", "college": 13}}, {"model": "user.department", "pk": 95, "fields": {"name": "\uc601\uc5b4\uad50\uc721\uacfc\n", "college": 13}}, {"model": "user.department", "pk": 96, "fields": {"name": "\ubd88\uc5b4\uad50\uc721\uacfc\n", "college": 13}}, {"model": "user.department", "pk": 97, "fields": {"name": "\uc5ed\uc0ac\uad50\uc721\uacfc\n", "college": 13}}, {"model": "user.department", "pk": 98, "fields": {"name": "\uc9c0\ub9ac\uad50\uc721\uacfc\n", "college": 13}}, {"model": "user.department", "pk": 99, "fields": {"name": "\uc724\ub9ac\uad50\uc721\uacfc\n", "college": 13}}, {"model": "user.department", "pk": 100, "fields": {"name": "\uc218\ud559\uad50\uc721\uacfc\n", "college": 13}}, {"model": "user.department", "pk": 101, "fields": {"name": "\ubb3c\ub9ac\uad50\uc721\uacfc\n", "college": 13}}, {"model": "user.department", "pk": 102, "fields": {"name": "\uacfc\ud559\uad50\uc721\uacfc(\ud654\ud559\uc804\uacf5)\n", "college": 13}}, {"model": "user.department", "pk": 103, "fields": {"name": "\uc0dd\ubb3c\uad50\uc721\uacfc(\uc0dd\ubb3c\uad50\uc721\uc804\uacf5)\n", "college": 13}}, {"model": "user.department", "pk": 104, "fields": {"name": "\uccb4\uc721\uad50\uc721\uacfc\n", "college": 13}}, {"model": "user.department", "pk": 105, "fields": {"name": "\ud611\ub3d9\uacfc\uc815 \uae00\ub85c\ubc8c\uad50\uc721\ud611\ub825\uc804\uacf5\n", "college": 13}}, {"model": "user.department", "pk": 106, "fields": {"name": "\uc758\ud559\uacfc(\ubcd1\ub9ac\ud559\uc804\uacf5)\n", "college": 14}}, {"model": "user.department", "pk": 107, "fields": {"name": "\uc758\ud559\uacfc(\uc778\ubb38\uc758\ud559\uc804\uacf5)\n", "college": 14}}, {"model": "user.department", "pk": 108, "fields": {"name": "\uc758\ud559\uacfc(\uc911\uac1c\uc758\ud559\uc804\uacf5)\n", "college": 14}}, {"model": "user.department", "pk": 109, "fields": {"name": "\uc758\ud559\uacfc\n", "college": 14}}, {"model": "user.department", "pk": 110, "fields": {"name": "\uc758\ud559\uacfc(\uac00\uc815\uc758\ud559\uc804\uacf5)\n", "college": 14}}, {"model": "user.department", "pk": 111, "fields": {"name": "\ud611\ub3d9\uacfc\uc815 \uc885\uc591\uc0dd\ubb3c\ud559\uc804\uacf5\n", "college": 14}}, {"model": "user.department", "pk": 112, "fields": {"name": "\ud611\ub3d9\uacfc\uc815 \uc784\uc0c1\uc57d\ub9ac\ud559\uc804\uacf5\n", "college": 14}}, {"model": "user.department", "pk": 113, "fields": {"name": "\uc758\uacfc\ud559\uacfc\n", "college": 14}}, {"model": "user.department", "pk": 114, "fields": {"name": "\uc784\uc0c1\uc758\uacfc\ud559\uacfc\n", "college": 14}}, {"model": "user.department", "pk": 115, "fields": {"name": "\uad6d\uc81c\ud559\uacfc(\uad6d\uc81c\ud1b5\uc0c1\uc804\uacf5)\n", "college": 21}}, {"model": "user.department", "pk": 116, "fields": {"name": "\uad6d\uc81c\ud559\uacfc(\uad6d\uc81c\ud611\ub825\uc804\uacf5)\n", "college": 21}}, {"model": "user.department", "pk": 117, "fields": {"name": "\uad6d\uc81c\ud559\uacfc(\uad6d\uc81c\uc9c0\uc5ed\ud559\uc804\uacf5)\n", "college": 21}}, {"model": "user.department", "pk": 118, "fields": {"name": "\ubcf4\uac74\ud559\uacfc(\ubcf4\uac74\uc815\ucc45\uad00\ub9ac\ud559\uc804\uacf5)\n", "college": 16}}, {"model": "user.department", "pk": 119, "fields": {"name": "\ubcf4\uac74\ud559\uacfc(\ubcf4\uac74\ud559\uc804\uacf5)\n", "college": 16}}, {"model": "user.department", "pk": 120, "fields": {"name": "\ud611\ub3d9\uacfc\uc815  \uc870\uacbd\ud559\n", "college": 9}}, {"model": "user.department", "pk": 121, "fields": {"name": "\uad6d\uc5b4\uad6d\ubb38\ud559\uacfc(\uc5f0\uacc4\uc804\uacf5 \uace0\uc804\ubb38\ud5cc\ud559)\n", "college": 1}}, {"model": "user.department", "pk": 122, "fields": {"name": "\ud611\ub3d9\uacfc\uc815 \uae30\ub85d\ud559\uc804\uacf5(\uae30\ub85d\ud559\uc804\uacf5)\n", "college": 1}}, {"model": "user.department", "pk": 123, "fields": {"name": "\ud611\ub3d9\uacfc\uc815 \uae30\uc220\uacbd\uc601\u00b7\uacbd\uc81c\u00b7\uc815\ucc45\uc804\uacf5\n", "college": 3}}, {"model": "user.department", "pk": 124, "fields": {"name": "\uc870\uc120\ud574\uc591\uacf5\ud559\uacfc\n", "college": 3}}, {"model": "user.department", "pk": 125, "fields": {"name": "\uae30\uc545\uacfc(\ud604\uc545\uc804\uacf5)\n", "college": 5}}, {"model": "user.department", "pk": 126, "fields": {"name": "\uae30\uc545\uacfc(\uad00\uc545\uc804\uacf5)\n", "college": 5}}, {"model": "user.department", "pk": 127, "fields": {"name": "\uce58\uc758\ud559\uacfc(\uce58\uc758\ud559\ud559\uc0ac\uacfc\uc815)\n", "college": 15}}, {"model": "user.department", "pk": 128, "fields": {"name": "\ud589\uc815\ud559\uacfc\n", "college": 24}}, {"model": "user.department", "pk": 129, "fields": {"name": "\uc758\uc608\uacfc\n", "college": 14}}, {"model": "user.department", "pk": 130, "fields": {"name": "\uc804\uae30\u00b7\uc815\ubcf4\uacf5\ud559\ubd80\n", "college": 3}}, {"model": "user.department", "pk": 131, "fields": {"name": "\uc544\uc2dc\uc544\uc5b8\uc5b4\ubb38\uba85\ud559\ubd80\n", "college": 1}}, {"model": "user.department", "pk": 132, "fields": {"name": "\uc735\ud569\uacfc\ud559\ubd80(\ub098\ub178\uc735\ud569\uc804\uacf5)\n", "college": 11}}, {"model": "user.department", "pk": 133, "fields": {"name": "\uc735\ud569\uacfc\ud559\ubd80(\uc9c0\ub2a5\ud615\uc735\ud569\uc2dc\uc2a4\ud15c\uc804\uacf5)\n", "college": 11}}, {"model": "user.department", "pk": 134, "fields": {"name": "\uc735\ud569\uacfc\ud559\ubd80(\ubc29\uc0ac\uc120\uc735\ud569\uc758\uc0dd\uba85\uc804\uacf5)\n", "college": 11}}, {"model": "user.department", "pk": 135, "fields": {"name": "\ud611\ub3d9\uacfc\uc815 \ud574\uc591\ud50c\ub79c\ud2b8\uc5d4\uc9c0\ub2c8\uc5b4\ub9c1\uc804\uacf5\n", "college": 3}}, {"model": "user.department", "pk": 136, "fields": {"name": "\uc2dd\ubb3c\uc0dd\uc0b0\uacfc\ud559\ubd80(\uc6d0\uc608\uc0dd\uba85\uacf5\ud559\uc804\uacf5)\n", "college": 19}}, {"model": "user.department", "pk": 137, "fields": {"name": "\uc18c\ube44\uc790\uc544\ub3d9\ud559\ubd80(\uc544\ub3d9\uac00\uc871\ud559\uc804\uacf5)\n", "college": 18}}, {"model": "user.department", "pk": 138, "fields": {"name": "\ud589\uc815\ud559\uacfc(\uae00\ub85c\ubc8c\ud589\uc815\uc804\uacf5)\n", "college": 24}}, {"model": "user.department", "pk": 139, "fields": {"name": "\ud611\ub3d9\uacfc\uc815 \uc904\uae30\uc138\ud3ec\uc0dd\ubb3c\ud559\uc804\uacf5\n", "college": 14}}, {"model": "user.department", "pk": 140, "fields": {"name": "\uc751\uc6a9\uacf5\ud559\uacfc\n", "college": 25}}, {"model": "user.department", "pk": 141, "fields": {"name": "\uad6d\uc81c\ub18d\uc5c5\uae30\uc220\ud559\uacfc\n", "college": 26}}, {"model": "user.department", "pk": 142, "fields": {"name": "\uc0dd\uba85\uacfc\ud559\ubd80(\uc5f0\uacc4\uc804\uacf5 \uacfc\ud559\uae30\uc220\ud559)\n", "college": 2}}, {"model": "user.department", "pk": 143, "fields": {"name": "\ucca0\ud559\uacfc(\uc5f0\uacc4\uc804\uacf5 \uc815\uce58-\uacbd\uc81c-\ucca0\ud559)\n", "college": 1}}, {"model": "user.department", "pk": 144, "fields": {"name": "\uc5b8\uc5b4\ud559\uacfc(\uc5f0\uacc4\uc804\uacf5 \uc778\ubb38\ub370\uc774\ud130\uacfc\ud559)\n", "college": 1}}, {"model": "user.department", "pk": 145, "fields": {"name": "\uad6d\uc0ac\ud559\uacfc(\uc5f0\ud569\uc804\uacf5 \ub3d9\uc544\uc2dc\uc544\ube44\uad50\uc778\ubb38\ud559)\n", "college": 1}}, {"model": "user.department", "pk": 146, "fields": {"name": "\uc758\ud559\uacfc(\ud574\ubd80\ud559\uc804\uacf5)\n", "college": 14}}, {"model": "user.department", "pk": 147, "fields": {"name": "\uc758\ud559\uacfc(\uc815\uc2e0\uacfc\ud559\uc804\uacf5)\n", "college": 14}}, {"model": "user.department", "pk": 148, "fields": {"name": "\uc758\ud559\uacfc(\uac80\uc0ac\uc758\ud559\uc804\uacf5)\n", "college": 14}}, {"model": "user.department", "pk": 149, "fields": {"name": "\uc758\ud559\uacfc(\uc7ac\ud65c\uc758\ud559\uc804\uacf5)\n", "college": 14}}, {"model": "user.department", "pk": 150, "fields": {"name": "\uc758\ud559\uacfc(\ud575\uc758\ud559\uc804\uacf5)\n", "college": 14}}, {"model": "user.department", "pk": 151, "fields": {"name": "\uc758\ud559\uacfc(\uc751\uae09\uc758\ud559\uc804\uacf5)\n", "college": 14}}, {"model": "user.department", "pk": 152, "fields": {"name": "\ud658\uacbd\uc870\uacbd\ud559\uacfc(\ub3c4\uc2dc\ud658\uacbd\uc124\uacc4\uc804\uacf5)\n", "college": 9}}, {"model": "user.department", "pk": 153, "fields": {"name": "\uc0ac\ud68c\uad50\uc721\uacfc\n", "college": 13}}, {"model": "user.department", "pk": 154, "fields": {"name": "\ubd88\uc5b4\ubd88\ubb38\ud559\uacfc\n", "college": 1}}, {"model": "user.department", "pk": 155, "fields": {"name": "\ub178\uc5b4\ub178\ubb38\ud559\uacfc\n", "college": 1}}, {"model": "user.department", "pk": 156, "fields": {"name": "\uc11c\uc5b4\uc11c\ubb38\ud559\uacfc\n", "college": 1}}, {"model": "user.department", "pk": 157, "fields": {"name": "\ud611\ub3d9\uacfc\uc815  \uc11c\uc591\uace0\uc804\ud559\uc804\uacf5\n", "college": 1}}, {"model": "user.department", "pk": 158, "fields": {"name": "\uc9c0\uad6c\uacfc\ud559\uad50\uc721\uacfc\n", "college": 13}}, {"model": "user.department", "pk": 159, "fields": {"name": "\ub18d\uacbd\uc81c\uc0ac\ud68c\ud559\ubd80(\ub18d\uc5c5\u00b7\uc790\uc6d0\uacbd\uc81c\ud559\uc804\uacf5)\n", "college": 19}}, {"model": "user.department", "pk": 160, "fields": {"name": "\ud611\ub3d9\uacfc\uc815 \uacfc\ud559\uc0ac \ubc0f \uacfc\ud559\ucca0\ud559\uc804\uacf5\n", "college": 2}}, {"model": "user.department", "pk": 161, "fields": {"name": "\uc2dd\ud488\u00b7\ub3d9\ubb3c\uc0dd\uba85\uacf5\ud559\ubd80(\ub3d9\ubb3c\uc0dd\uba85\uacf5\ud559\uc804\uacf5)\n", "college": 19}}, {"model": "user.department", "pk": 162, "fields": {"name": "\uc751\uc6a9\uc0dd\ubb3c\ud654\ud559\ubd80\n", "college": 19}}, {"model": "user.department", "pk": 163, "fields": {"name": "\uc0b0\uc5c5\uacf5\ud559\uacfc(\uc5f0\ud569\uc804\uacf5 \uae30\uc220\uacbd\uc601)\n", "college": 3}}, {"model": "user.department", "pk": 164, "fields": {"name": "\uc601\uc5b4\uc601\ubb38\ud559\uacfc(\uc5f0\uacc4\uc804\uacf5 \ubbf8\uad6d\ud559)\n", "college": 1}}, {"model": "user.department", "pk": 165, "fields": {"name": "\ub178\uc5b4\ub178\ubb38\ud559\uacfc(\uc5f0\uacc4\uc804\uacf5 \ub7ec\uc2dc\uc544\ud559)\n", "college": 1}}, {"model": "user.department", "pk": 166, "fields": {"name": "\uc11c\uc5b4\uc11c\ubb38\ud559\uacfc(\uc5f0\uacc4\uc804\uacf5 \ub77c\ud2f4\uc544\uba54\ub9ac\uce74\ud559)\n", "college": 1}}, {"model": "user.department", "pk": 167, "fields": {"name": "\ucca0\ud559\uacfc(\uc11c\uc591\ucca0\ud559\uc804\uacf5)\n", "college": 1}}, {"model": "user.department", "pk": 168, "fields": {"name": "\ucca0\ud559\uacfc(\ub3d9\uc591\ucca0\ud559\uc804\uacf5)\n", "college": 1}}, {"model": "user.department", "pk": 169, "fields": {"name": "\ud611\ub3d9\uacfc\uc815  \uc778\uc9c0\uacfc\ud559\uc804\uacf5\n", "college": 1}}, {"model": "user.department", "pk": 170, "fields": {"name": "\ud611\ub3d9\uacfc\uc815 \uacf5\uc5f0\uc608\uc220\ud559\uc804\uacf5(\uacf5\uc5f0\uc608\uc220\ud559\uc804\uacf5)\n", "college": 1}}, {"model": "user.department", "pk": 171, "fields": {"name": "\uc678\uad50\ud559\uacfc(\uc5f0\uacc4\uc804\uacf5 \uc720\ub7fd\uc9c0\uc5ed\ud559)\n", "college": 8}}, {"model": "user.department", "pk": 172, "fields": {"name": "\uc2ec\ub9ac\ud559\uacfc(\uc5f0\uacc4\uc804\uacf5 \ub1cc-\ub9c8\uc74c-\ud589\ub3d9)\n", "college": 8}}, {"model": "user.department", "pk": 173, "fields": {"name": "\uc751\uc6a9\uc0dd\ubb3c\ud654\ud559\ubd80(\uc751\uc6a9\uc0dd\ubb3c\ud559\uc804\uacf5)\n", "college": 19}}, {"model": "user.department", "pk": 174, "fields": {"name": "\ud611\ub3d9\uacfc\uc815 \uc720\uc804\uacf5\ud559\uc804\uacf5(\uc720\uc804\uacf5\ud559\uc804\uacf5)\n", "college": 2}}, {"model": "user.department", "pk": 175, "fields": {"name": "\uc9c0\uad6c\ud658\uacbd\uacfc\ud559\ubd80(\uc5f0\ud569\uc804\uacf5 \uacc4\uc0b0\uacfc\ud559)\n", "college": 2}}, {"model": "user.department", "pk": 176, "fields": {"name": "\ud611\ub3d9\uacfc\uc815 \uacc4\uc0b0\uacfc\ud559\uc804\uacf5\n", "college": 2}}, {"model": "user.department", "pk": 177, "fields": {"name": "\uc544\ub3d9\uac00\uc871\ud559\uacfc\n", "college": 18}}, {"model": "user.department", "pk": 178, "fields": {"name": "\ud611\ub3d9\uacfc\uc815 \uc720\uc544\uad50\uc721\uc804\uacf5\n", "college": 13}}, {"model": "user.department", "pk": 179, "fields": {"name": "\ud611\ub3d9\uacfc\uc815 \ub3c4\uc2dc\uc124\uacc4\ud559\uc804\uacf5(\ub3c4\uc2dc\uc124\uacc4\ud559\uc804\uacf5)\n", "college": 3}}, {"model": "user.department", "pk": 180, "fields": {"name": "\uc870\uacbd\u00b7\uc9c0\uc5ed\uc2dc\uc2a4\ud15c\uacf5\ud559\ubd80(\uc9c0\uc5ed\uc2dc\uc2a4\ud15c\uacf5\ud559\uc804\uacf5)\n", "college": 19}}, {"model": "user.department", "pk": 181, "fields": {"name": "\ud654\ud559\uc0dd\ubb3c\uacf5\ud559\ubd80\n", "college": 3}}, {"model": "user.department", "pk": 182, "fields": {"name": "\uc5d0\ub108\uc9c0\uc2dc\uc2a4\ud15c\uacf5\ud559\ubd80(\uc5d0\ub108\uc9c0\uc790\uc6d0\uacf5\ud559\uc804\uacf5)\n", "college": 3}}, {"model": "user.department", "pk": 183, "fields": {"name": "\ud611\ub3d9\uacfc\uc815 \ubc14\uc774\uc624\uc5d4\uc9c0\ub2c8\uc5b4\ub9c1\uc804\uacf5\n", "college": 3}}, {"model": "user.department", "pk": 184, "fields": {"name": "\uc735\ud569\uacfc\ud559\ubd80\n", "college": 11}}, {"model": "user.department", "pk": 185, "fields": {"name": "\ubd84\uc790\uc758\ud559 \ubc0f \ubc14\uc774\uc624\uc81c\uc57d\ud559\uacfc\n", "college": 11}}, {"model": "user.department", "pk": 186, "fields": {"name": "\uc2dd\ubb3c\uc0dd\uc0b0\uacfc\ud559\ubd80(\uc791\ubb3c\uc0dd\uba85\uacfc\ud559\uc804\uacf5)\n", "college": 19}}, {"model": "user.department", "pk": 187, "fields": {"name": "\uc2dd\ud488\u00b7\ub3d9\ubb3c\uc0dd\uba85\uacf5\ud559\ubd80(\uc2dd\ud488\uc0dd\uba85\uacf5\ud559\uc804\uacf5)\n", "college": 19}}, {"model": "user.department", "pk": 188, "fields": {"name": "\uc0b0\ub9bc\uacfc\ud559\ubd80(\ud658\uacbd\uc7ac\ub8cc\uacfc\ud559\uc804\uacf5)\n", "college": 19}}, {"model": "user.department", "pk": 189, "fields": {"name": "\uc870\uacbd\u00b7\uc9c0\uc5ed\uc2dc\uc2a4\ud15c\uacf5\ud559\ubd80(\uc870\uacbd\ud559\uc804\uacf5)\n", "college": 19}}, {"model": "user.department", "pk": 190, "fields": {"name": "\uc0dd\ud0dc\uc870\uacbd\u00b7\uc9c0\uc5ed\uc2dc\uc2a4\ud15c\uacf5\ud559\ubd80(\uc9c0\uc5ed\uc2dc\uc2a4\ud15c\uacf5\ud559\uc804\uacf5)\n", "college": 19}}, {"model": "user.department", "pk": 191, "fields": {"name": "\ud611\ub3d9\uacfc\uc815 \ub18d\uc0dd\uba85\uc720\uc804\uccb4\ud559\uc804\uacf5\n", "college": 19}}, {"model": "user.department", "pk": 192, "fields": {"name": "\ub18d\uc0dd\uba85\uacf5\ud559\ubd80(\ubc14\uc774\uc624\ubaa8\ub4c8\ub808\uc774\uc158\uc804\uacf5)\n", "college": 19}}, {"model": "user.department", "pk": 193, "fields": {"name": "\uc0b0\ub9bc\uacfc\ud559\ubd80(\uc5f0\ud569\uc804\uacf5 \uae00\ub85c\ubc8c\ud658\uacbd\uacbd\uc601\ud559)\n", "college": 19}}, {"model": "user.department", "pk": 194, "fields": {"name": "\ud611\ub3d9\uacfc\uc815 \ub18d\ub9bc\uae30\uc0c1\ud559\n", "college": 19}}, {"model": "user.department", "pk": 195, "fields": {"name": "\uc218\uc758\uc608\uacfc\n", "college": 20}}, {"model": "user.department", "pk": 196, "fields": {"name": "\ubbf8\uc220\ud559\uacfc(\ub3d9\uc591\ud654\uc804\uacf5)\n", "college": 4}}, {"model": "user.department", "pk": 197, "fields": {"name": "\ubbf8\uc220\ud559\uacfc(\uc11c\uc591\ud654\u00b7\ud310\ud654\uc804\uacf5)\n", "college": 4}}, {"model": "user.department", "pk": 198, "fields": {"name": "\uc870\uc18c\uacfc(\uc5f0\ud569\uc804\uacf5 \uc601\uc0c1\ub9e4\uccb4\uc608\uc220)\n", "college": 4}}, {"model": "user.department", "pk": 199, "fields": {"name": "\uad6d\uc5b4\uad50\uc721\uacfc\n", "college": 13}}, {"model": "user.department", "pk": 200, "fields": {"name": "\ud611\ub3d9\uacfc\uc815 \uc74c\uc545\uad50\uc721\uc804\uacf5\n", "college": 13}}, {"model": "user.department", "pk": 201, "fields": {"name": "\uc678\uad6d\uc5b4\uad50\uc721\uacfc(\uc601\uc5b4\uc804\uacf5)\n", "college": 13}}, {"model": "user.department", "pk": 202, "fields": {"name": "\uc678\uad6d\uc5b4\uad50\uc721\uacfc(\ubd88\uc5b4\uc804\uacf5)\n", "college": 13}}, {"model": "user.department", "pk": 203, "fields": {"name": "\uc678\uad6d\uc5b4\uad50\uc721\uacfc(\ub3c5\uc5b4\uc804\uacf5)\n", "college": 13}}, {"model": "user.department", "pk": 204, "fields": {"name": "\uc0ac\ud68c\uad50\uc721\uacfc(\uc5ed\uc0ac\uc804\uacf5)\n", "college": 13}}, {"model": "user.department", "pk": 205, "fields": {"name": "\uc0ac\ud68c\uad50\uc721\uacfc(\uc9c0\ub9ac\uc804\uacf5)\n", "college": 13}}, {"model": "user.department", "pk": 206, "fields": {"name": "\uc0ac\ud68c\uad50\uc721\uacfc(\uc77c\ubc18\uc0ac\ud68c\uc804\uacf5)\n", "college": 13}}, {"model": "user.department", "pk": 207, "fields": {"name": "\uacfc\ud559\uad50\uc721\uacfc\n", "college": 13}}, {"model": "user.department", "pk": 208, "fields": {"name": "\uacfc\ud559\uad50\uc721\uacfc(\ubb3c\ub9ac\uc804\uacf5)\n", "college": 13}}, {"model": "user.department", "pk": 209, "fields": {"name": "\ud654\ud559\uad50\uc721\uacfc(\ud654\ud559\uad50\uc721\uc804\uacf5)\n", "college": 13}}, {"model": "user.department", "pk": 210, "fields": {"name": "\uacfc\ud559\uad50\uc721\uacfc(\uc0dd\ubb3c\uc804\uacf5)\n", "college": 13}}, {"model": "user.department", "pk": 211, "fields": {"name": "\uacfc\ud559\uad50\uc721\uacfc(\uc9c0\uad6c\uacfc\ud559\uc804\uacf5)\n", "college": 13}}, {"model": "user.department", "pk": 212, "fields": {"name": "\ud611\ub3d9\uacfc\uc815 \ud2b9\uc218\uad50\uc721\uc804\uacf5\n", "college": 13}}, {"model": "user.department", "pk": 213, "fields": {"name": "\ud611\ub3d9\uacfc\uc815 \ud658\uacbd\uad50\uc721\uc804\uacf5\n", "college": 13}}, {"model": "user.department", "pk": 214, "fields": {"name": "\uc758\ud559\uacfc(\uc758\uacf5\ud559\uc804\uacf5)\n", "college": 14}}, {"model": "user.department", "pk": 215, "fields": {"name": "\uc758\ud559\uacfc(\uc608\ubc29\uc758\ud559\uc804\uacf5)\n", "college": 14}}, {"model": "user.department", "pk": 216, "fields": {"name": "\uc758\ud559\uacfc(\uc758\ud559\uad50\uc721\ud559\uc804\uacf5)\n", "college": 14}}, {"model": "user.department", "pk": 217, "fields": {"name": "\uc758\ud559\uacfc(\uae30\uc0dd\ucda9\ud559\uc804\uacf5)\n", "college": 14}}, {"model": "user.department", "pk": 218, "fields": {"name": "\uc758\ud559\uacfc(\ubbf8\uc0dd\ubb3c\ud559\uc804\uacf5)\n", "college": 14}}, {"model": "user.department", "pk": 219, "fields": {"name": "\uc758\ud559\uacfc(\uc758\ub8cc\uad00\ub9ac\ud559\uc804\uacf5)\n", "college": 14}}, {"model": "user.department", "pk": 220, "fields": {"name": "\uc758\ud559\uacfc(\ubc95\uc758\ud559\uc804\uacf5)\n", "college": 14}}, {"model": "user.department", "pk": 221, "fields": {"name": "\uc758\ud559\uacfc(\uba74\uc5ed\ud559\uc804\uacf5)\n", "college": 14}}, {"model": "user.department", "pk": 222, "fields": {"name": "\uc758\ud559\uacfc(\uc0b0\ubd80\uc778\uacfc\ud559\uc804\uacf5)\n", "college": 14}}, {"model": "user.department", "pk": 223, "fields": {"name": "\uc758\ud559\uacfc(\ud749\ubd80\uc678\uacfc\ud559\uc804\uacf5)\n", "college": 14}}, {"model": "user.department", "pk": 224, "fields": {"name": "\uc758\ud559\uacfc(\ub1cc\uc2e0\uacbd\uacfc\ud559\uc804\uacf5)\n", "college": 14}}, {"model": "user.department", "pk": 225, "fields": {"name": "\uc758\ud559\uacfc(\uc678\uacfc\ud559\uc804\uacf5)\n", "college": 14}}, {"model": "user.department", "pk": 226, "fields": {"name": "\uc758\ud559\uacfc(\ubd84\uc790\uc720\uc804\uccb4\uc758\ud559\uc804\uacf5)\n", "college": 14}}, {"model": "user.department", "pk": 227, "fields": {"name": "\uc758\ud559\uacfc(\ud53c\ubd80\uacfc\ud559\uc804\uacf5)\n", "college": 14}}, {"model": "user.department", "pk": 228, "fields": {"name": "\uc758\ud559\uacfc(\uc774\ube44\uc778\ud6c4\uacfc\ud559\uc804\uacf5)\n", "college": 14}}, {"model": "user.department", "pk": 229, "fields": {"name": "\uc758\ud559\uacfc(\uc131\ud615\uc678\uacfc\ud559\uc804\uacf5)\n", "college": 14}}, {"model": "user.department", "pk": 230, "fields": {"name": "\uc758\ud559\uacfc(\uc2e0\uacbd\uc678\uacfc\ud559\uc804\uacf5)\n", "college": 14}}, {"model": "user.department", "pk": 231, "fields": {"name": "\uc758\ud559\uacfc(\uc548\uacfc\ud559\uc804\uacf5)\n", "college": 14}}, {"model": "user.department", "pk": 232, "fields": {"name": "\uc758\ud559\uacfc(\ube44\ub1e8\uae30\uacfc\ud559\uc804\uacf5)\n", "college": 14}}, {"model": "user.department", "pk": 233, "fields": {"name": "\uc758\ud559\uacfc(\uc601\uc0c1\uc758\ud559\uc804\uacf5)\n", "college": 14}}, {"model": "user.department", "pk": 234, "fields": {"name": "\uc758\ud559\uacfc(\ub9c8\ucde8\ud1b5\uc99d\uc758\ud559\uc804\uacf5)\n", "college": 14}}, {"model": "user.department", "pk": 235, "fields": {"name": "\uc758\ud559\uacfc(\ubc29\uc0ac\uc120\uc885\uc591\ud559\uc804\uacf5)\n", "college": 14}}, {"model": "user.department", "pk": 236, "fields": {"name": "\uc758\ud559\uacfc(\uc18c\uc544\uacfc\ud559\uc804\uacf5)\n", "college": 14}}, {"model": "user.department", "pk": 237, "fields": {"name": "\ud611\ub3d9\uacfc\uc815 \uc758\ub8cc\uc815\ubcf4\ud559\uc804\uacf5\n", "college": 14}}, {"model": "user.department", "pk": 238, "fields": {"name": "\uce58\uc758\uacfc\ud559\uacfc\n", "college": 27}}, {"model": "user.department", "pk": 239, "fields": {"name": "\uce58\uc758\ud559\uacfc\n", "college": 15}}, {"model": "user.department", "pk": 240, "fields": {"name": "\uad6d\uc81c\ud559\uacfc\n", "college": 21}}, {"model": "user.department", "pk": 241, "fields": {"name": "\uad6d\uc81c\ud559\uacfc(\ud55c\uad6d\ud559\uc804\uacf5)\n", "college": 21}}, {"model": "user.department", "pk": 242, "fields": {"name": "\uacf5\uae30\uc5c5\uc815\ucc45\ud559\uacfc\n", "college": 24}}, {"model": "user.department", "pk": 243, "fields": {"name": "\ud658\uacbd\uc870\uacbd\ud559\uacfc\n", "college": 9}}, {"model": "user.department", "pk": 244, "fields": {"name": "\ubb34\uc18c\uc18d\ud559\uacfc\n", "college": 28}}, {"model": "article.tagcolor", "pk": 1, "fields": {"name": "danger-color", "rgb": "#FF4444"}}, {"model": "article.tagcolor", "pk": 2, "fields": {"name": "danger-color-dark", "rgb": "#CC0000"}}, {"model": "article.tagcolor", "pk": 3, "fields": {"name": "warning-color", "rgb": "#FFBB33"}}, {"model": "article.tagcolor", "pk": 4, "fields": {"name": "waring-color-dark", "rgb": "#FF8800"}}, {"model": "article.tagcolor", "pk": 5, "fields": {"name": "success-color", "rgb": "#00C851"}}, {"model": "article.tagcolor", "pk": 6, "fields": {"name": "success-color-dark", "rgb": "#007E33"}}, {"model": "article.tagcolor", "pk": 7, "fields": {"name": "info-color", "rgb": "#33B5E5"}}, {"model": "article.tagcolor", "pk": 8, "fields": {"name": "info-color-dark", "rgb": "#0099CC"}}, {"model": "article.tagcolor", "pk": 9, "fields": {"name": "default-color", "rgb": "#2BBBAD"}}, {"model": "article.tagcolor", "pk": 10, "fields": {"name": "default-color-dark", "rgb": "#00695C"}}, {"model": "article.tagcolor", "pk": 11, "fields": {"name": "primary-color", "rgb": "#4285F4"}}, {"model": "article.tagcolor", "pk": 12, "fields": {"name": "primary-color-dark", "rgb": "#0D47A1"}}, {"model": "article.tagcolor", "pk": 13, "fields": {"name": "secondary-color", "rgb": "#AA66CC"}}, {"model": "article.tagcolor", "pk": 14, "fields": {"name": "secondary-color-dark", "rgb": "#9933CC"}}, {"model": "article.tagcolor", "pk": 15, "fields": {"name": "elegant-color", "rgb": "#2E2E2E"}}, {"model": "article.tagcolor", "pk": 16, "fields": {"name": "elegant-color-dark", "rgb": "#212121"}}, {"model": "article.tagcolor", "pk": 17, "fields": {"name": "stylish-color", "rgb": "#4B515D"}}, {"model": "article.tagcolor", "pk": 18, "fields": {"name": "stylish-color-dark", "rgb": "#3E4551"}}, {"model": "article.tagcolor", "pk": 19, "fields": {"name": "unique-color", "rgb": "#3F729B"}}, {"model": "article.tagcolor", "pk": 20, "fields": {"name": "unique-color-dark", "rgb": "#1C2331"}}, {"model": "article.tagcolor", "pk": 21, "fields": {"name": "special-color", "rgb": "#37474F"}}, {"model": "article.tagcolor", "pk": 22, "fields": {"name": "special-color-dark", "rgb": "#263238"}}, {"model": "article.articletag", "pk": 1, "fields": {"name": "Tag2", "color": 2}}, {"model": "article.articletag", "pk": 2, "fields": {"name": "Tag3", "color": 4}}, {"model": "article.articletag", "pk": 3, "fields": {"name": "\uacf5\uc9c0", "color": 2}}, {"model": "article.articletag", "pk": 4, "fields": {"name": "QNA", "color": 11}}, {"model": "article.articletag", "pk": 5, "fields": {"name": "\uc7a1\ub2f4", "color": 15}}, {"model": "article.articletag", "pk": 6, "fields": {"name": "\uc77c\uc815", "color": 4}}, {"model": "article.articletype", "pk": 1, "fields": {"name": "Type1"}}, {"model": "article.articletype", "pk": 2, "fields": {"name": "\uc7a1\ub2f4"}}, {"model": "article.articletype", "pk": 3, "fields": {"name": "\uacf5\uc9c0"}}, {"model": "article.articletype", "pk": 4, "fields": {"name": "\uc77c\uc815"}}, {"model": "article.articletype", "pk": 5, "fields": {"name": "\ubaa8\uc784"}}, {"model": "interest.interesttag", "pk": 1, "fields": {"name": "ITAG1", "color": 2}}, {"model": "interest.interesttag", "pk": 2, "fields": {"name": "tag2", "color": 1}}, {"model": "interest.interesttag", "pk": 3, "fields": {"name": "tag3", "color": 8}}, {"model": "interest.interesttag", "pk": 4, "fields": {"name": "tag4", "color": 16}}, {"model": "interest.interesttag", "pk": 5, "fields": {"name": "\ucde8\ubbf8", "color": 1}}, {"model": "interest.interesttag", "pk": 6, "fields": {"name": "\ub3d9\uc544\ub9ac", "color": 8}}, {"model": "interest.interesttag", "pk": 7, "fields": {"name": "\ud559\uc220", "color": 19}}, {"model": "interest.interesttag", "pk": 8, "fields": {"name": "\ud29c\ud130\ub9c1", "color": 13}}, {"model": "auth.permission", "pk": 1, "fields": {"name": "Can add log entry", "content_type": 1, "codename": "add_logentry"}}, {"model": "auth.permission", "pk": 2, "fields": {"name": "Can change log entry", "content_type": 1, "codename": "change_logentry"}}, {"model": "auth.permission", "pk": 3, "fields": {"name": "Can delete log entry", "content_type": 1, "codename": "delete_logentry"}}, {"model": "auth.permission", "pk": 4, "fields": {"name": "Can view log entry", "content_type": 1, "codename": "view_logentry"}}, {"model": "auth.permission", "pk": 5, "fields": {"name": "Can add permission", "content_type": 2, "codename": "add_permission"}}, {"model": "auth.permission", "pk": 6, "fields": {"name": "Can change permission", "content_type": 2, "codename": "change_permission"}}, {"model": "auth.permission", "pk": 7, "fields": {"name": "Can delete permission", "content_type": 2, "codename": "delete_permission"}}, {"model": "auth.permission", "pk": 8, "fields": {"name": "Can view permission", "content_type": 2, "codename": "view_permission"}}, {"model": "auth.permission", "pk": 9, "fields": {"name": "Can add group", "content_type": 3, "codename": "add_group"}}, {"model": "auth.permission", "pk": 10, "fields": {"name": "Can change group", "content_type": 3, "codename": "change_group"}}, {"model": "auth.permission", "pk": 11, "fields": {"name": "Can delete group", "content_type": 3, "codename": "delete_group"}}, {"model": "auth.permission", "pk": 12, "fields": {"name": "Can view group", "content_type": 3, "codename": "view_group"}}, {"model": "auth.permission", "pk": 13, "fields": {"name": "Can add content type", "content_type": 4, "codename": "add_contenttype"}}, {"model": "auth.permission", "pk": 14, "fields": {"name": "Can change content type", "content_type": 4, "codename": "change_contenttype"}}, {"model": "auth.permission", "pk": 15, "fields": {"name": "Can delete content type", "content_type": 4, "codename": "delete_contenttype"}}, {"model": "auth.permission", "pk": 16, "fields": {"name": "Can view content type", "content_type": 4, "codename": "view_contenttype"}}, {"model": "auth.permission", "pk": 17, "fields": {"name": "Can add session", "content_type": 5, "codename": "add_session"}}, {"model": "auth.permission", "pk": 18, "fields": {"name": "Can change session", "content_type": 5, "codename": "change_session"}}, {"model": "auth.permission", "pk": 19, "fields": {"name": "Can delete session", "content_type": 5, "codename": "delete_session"}}, {"model": "auth.permission", "pk": 20, "fields": {"name": "Can view session", "content_type": 5, "codename": "view_session"}}, {"model": "auth.permission", "pk": 21, "fields": {"name": "Can add Token", "content_type": 6, "codename": "add_token"}}, {"model": "auth.permission", "pk": 22, "fields": {"name": "Can change Token", "content_type": 6, "codename": "change_token"}}, {"model": "auth.permission", "pk": 23, "fields": {"name": "Can delete Token", "content_type": 6, "codename": "delete_token"}}, {"model": "auth.permission", "pk": 24, "fields": {"name": "Can view Token", "content_type": 6, "codename": "view_token"}}, {"model": "auth.permission", "pk": 25, "fields": {"name": "Can add department", "content_type": 7, "codename": "add_department"}}, {"model": "auth.permission", "pk": 26, "fields": {"name": "Can change department", "content_type": 7, "codename": "change_department"}}, {"model": "auth.permission", "pk": 27, "fields": {"name": "Can delete department", "content_type": 7, "codename": "delete_department"}}, {"model": "auth.permission", "pk": 28, "fields": {"name": "Can view department", "content_type": 7, "codename": "view_department"}}, {"model": "auth.permission", "pk": 29, "fields": {"name": "Can add college", "content_type": 8, "codename": "add_college"}}, {"model": "auth.permission", "pk": 30, "fields": {"name": "Can change college", "content_type": 8, "codename": "change_college"}}, {"model": "auth.permission", "pk": 31, "fields": {"name": "Can delete college", "content_type": 8, "codename": "delete_college"}}, {"model": "auth.permission", "pk": 32, "fields": {"name": "Can view college", "content_type": 8, "codename": "view_college"}}, {"model": "auth.permission", "pk": 33, "fields": {"name": "Can add user", "content_type": 9, "codename": "add_user"}}, {"model": "auth.permission", "pk": 34, "fields": {"name": "Can change user", "content_type": 9, "codename": "change_user"}}, {"model": "auth.permission", "pk": 35, "fields": {"name": "Can delete user", "content_type": 9, "codename": "delete_user"}}, {"model": "auth.permission", "pk": 36, "fields": {"name": "Can view user", "content_type": 9, "codename": "view_user"}}, {"model": "auth.permission", "pk": 37, "fields": {"name": "Can add comment", "content_type": 10, "codename": "add_comment"}}, {"model": "auth.permission", "pk": 38, "fields": {"name": "Can change comment", "content_type": 10, "codename": "change_comment"}}, {"model": "auth.permission", "pk": 39, "fields": {"name": "Can delete comment", "content_type": 10, "codename": "delete_comment"}}, {"model": "auth.permission", "pk": 40, "fields": {"name": "Can view comment", "content_type": 10, "codename": "view_comment"}}, {"model": "auth.permission", "pk": 41, "fields": {"name": "Can add article tag", "content_type": 11, "codename": "add_articletag"}}, {"model": "auth.permission", "pk": 42, "fields": {"name": "Can change article tag", "content_type": 11, "codename": "change_articletag"}}, {"model": "auth.permission", "pk": 43, "fields": {"name": "Can delete article tag", "content_type": 11, "codename": "delete_articletag"}}, {"model": "auth.permission", "pk": 44, "fields": {"name": "Can view article tag", "content_type": 11, "codename": "view_articletag"}}, {"model": "auth.permission", "pk": 45, "fields": {"name": "Can add article", "content_type": 12, "codename": "add_article"}}, {"model": "auth.permission", "pk": 46, "fields": {"name": "Can change article", "content_type": 12, "codename": "change_article"}}, {"model": "auth.permission", "pk": 47, "fields": {"name": "Can delete article", "content_type": 12, "codename": "delete_article"}}, {"model": "auth.permission", "pk": 48, "fields": {"name": "Can view article", "content_type": 12, "codename": "view_article"}}, {"model": "auth.permission", "pk": 49, "fields": {"name": "Can add article type", "content_type": 13, "codename": "add_articletype"}}, {"model": "auth.permission", "pk": 50, "fields": {"name": "Can change article type", "content_type": 13, "codename": "change_articletype"}}, {"model": "auth.permission", "pk": 51, "fields": {"name": "Can delete article type", "content_type": 13, "codename": "delete_articletype"}}, {"model": "auth.permission", "pk": 52, "fields": {"name": "Can view article type", "content_type": 13, "codename": "view_articletype"}}, {"model": "auth.permission", "pk": 53, "fields": {"name": "Can add interest", "content_type": 14, "codename": "add_interest"}}, {"model": "auth.permission", "pk": 54, "fields": {"name": "Can change interest", "content_type": 14, "codename": "change_interest"}}, {"model": "auth.permission", "pk": 55, "fields": {"name": "Can delete interest", "content_type": 14, "codename": "delete_interest"}}, {"model": "auth.permission", "pk": 56, "fields": {"name": "Can view interest", "content_type": 14, "codename": "view_interest"}}, {"model": "auth.permission", "pk": 57, "fields": {"name": "Can add interest tag", "content_type": 15, "codename": "add_interesttag"}}, {"model": "auth.permission", "pk": 58, "fields": {"name": "Can change interest tag", "content_type": 15, "codename": "change_interesttag"}}, {"model": "auth.permission", "pk": 59, "fields": {"name": "Can delete interest tag", "content_type": 15, "codename": "delete_interesttag"}}, {"model": "auth.permission", "pk": 60, "fields": {"name": "Can view interest tag", "content_type": 15, "codename": "view_interesttag"}}, {"model": "auth.permission", "pk": 61, "fields": {"name": "Can add tag color", "content_type": 16, "codename": "add_tagcolor"}}, {"model": "auth.permission", "pk": 62, "fields": {"name": "Can change tag color", "content_type": 16, "codename": "change_tagcolor"}}, {"model": "auth.permission", "pk": 63, "fields": {"name": "Can delete tag color", "content_type": 16, "codename": "delete_tagcolor"}}, {"model": "auth.permission", "pk": 64, "fields": {"name": "Can view tag color", "content_type": 16, "codename": "view_tagcolor"}}, {"model": "user.user", "pk": 1, "fields": {"password": "pbkdf2_sha256$120000$rVuH8MaJLUZY$I34ZlMbAbvH/hYxKXP1Yi9Neh91OmSMbF9SS8lfuy8A=", "last_login": "2018-11-06T08:30:39Z", "is_superuser": true, "email": "onteeae@naver.com", "name": "SUPERUSER", "studentId": 62975, "major": 244, "nickName": "admin111", "is_staff": true, "is_active": true, "groups": [], "user_permissions": [], "interests": [6, 8, 9]}}, {"model": "user.user", "pk": 2, "fields": {"password": "pbkdf2_sha256$120000$4wGi4VCv2bRB$gQSr5r17Ka3bAdOyYChiWH7/pGu+J82wOl/XJ1cRPac=", "last_login": null, "is_superuser": false, "email": "signup@test.com", "name": "\uc774\uc7ac\uc724", "studentId": 201311111, "major": 6, "nickName": "\uac00\uc785\ud14c\uc2a4\ud2b8", "is_staff": false, "is_active": true, "groups": [], "user_permissions": [], "interests": []}}, {"model": "user.user", "pk": 3, "fields": {"password": "pbkdf2_sha256$120000$j0dKbTLCZTxM$q1gSnDQ/Q5XuPz+n+3W97T1gu6XSMkUVlUFtU4TmFXo=", "last_login": null, "is_superuser": false, "email": "a@b.com", "name": "fsofisdoffjdkf", "studentId": 111323234, "major": 61, "nickName": "fksdjfksfj", "is_staff": false, "is_active": true, "groups": [], "user_permissions": [], "interests": []}}, {"model": "article.article", "pk": 3, "fields": {"title": "\ucde8\ubbf8", "author": 1, "content": "\u314e\u3147", "createdDate": "2018-11-06T10:06:03Z", "interest": 6, "tags": [4], "type": [2]}}, {"model": "article.article", "pk": 4, "fields": {"title": "\ucde8\ubbf82", "author": 1, "content": "\u314e\u3147", "createdDate": "2018-11-06T10:06:19Z", "interest": 7, "tags": [5], "type": [1]}}, {"model": "article.article", "pk": 5, "fields": {"title": "\ud559\uc220", "author": 1, "content": "\u314e\u3147", "createdDate": "2018-11-06T10:06:29Z", "interest": 8, "tags": [5], "type": [5]}}, {"model": "article.article", "pk": 6, "fields": {"title": "\ud30c\uc774\ub5a4", "author": 1, "content": "\u314e\u3147", "createdDate": "2018-11-06T10:06:38Z", "interest": 9, "tags": [3], "type": [4]}}, {"model": "article.article", "pk": 7, "fields": {"title": "\ud30c\uc774\ub5a42", "author": 1, "content": "\u314e\u3147", "createdDate": "2018-11-06T10:06:48Z", "interest": 9, "tags": [3], "type": [5]}}, {"model": "article.article", "pk": 8, "fields": {"title": "\ucde8\ubbf81-2", "author": 1, "content": "\u314e\u3147", "createdDate": "2018-11-06T10:09:34Z", "interest": 6, "tags": [4], "type": [5]}}, {"model": "interest.interest", "pk": 2, "fields": {"name": "int2", "createdDate": "2018-11-06T08:57:23Z", "createUser": 1, "photoURL": "https://raw.githubusercontent.com/swsnu/swpp18-team2/master/Images/empty.png", "tags": [2]}}, {"model": "interest.interest", "pk": 3, "fields": {"name": "hoo", "createdDate": "2018-11-06T08:58:01Z", "createUser": 1, "photoURL": "https://raw.githubusercontent.com/swsnu/swpp18-team2/master/Images/empty.png", "tags": [2, 3]}}, {"model": "interest.interest", "pk": 4, "fields": {"name": "hoo4", "createdDate": "2018-11-06T09:17:54Z", "createUser": 1, "photoURL": "https://raw.githubusercontent.com/swsnu/swpp18-team2/master/Images/empty.png", "tags": [3]}}, {"model": "interest.interest", "pk": 6, "fields": {"name": "\ucde8\ubbf8\ub3d9\uc544\ub9ac", "createdDate": "2018-11-06T09:52:30Z", "createUser": 1, "photoURL": "https://raw.githubusercontent.com/swsnu/swpp18-team2/master/Images/empty.png", "tags": [5, 6]}}, {"model": "interest.interest", "pk": 7, "fields": {"name": "\ucde8\ubbf8\ub3d9\uc544\ub9ac2", "createdDate": "2018-11-06T09:53:56Z", "createUser": 1, "photoURL": "https://raw.githubusercontent.com/swsnu/swpp18-team2/master/Images/empty.png", "tags": [5, 6]}}, {"model": "interest.interest", "pk": 8, "fields": {"name": "\ud559\uc220\ub3d9\uc544\ub9ac", "createdDate": "2018-11-06T09:54:03Z", "createUser": 1, "photoURL": "https://raw.githubusercontent.com/swsnu/swpp18-team2/master/Images/empty.png", "tags": [6, 7]}}, {"model": "interest.interest", "pk": 9, "fields": {"name": "\ud30c\uc774\uc36c\ud29c\ud130\ub9c1", "createdDate": "2018-11-06T09:54:13Z", "createUser": 1, "photoURL": "https://raw.githubusercontent.com/swsnu/swpp18-team2/master/Images/empty.png", "tags": [7, 8]}}, {"model": "authtoken.token", "pk": "a04f70c72a2090744ee6fdad080d46bc86e4a350", "fields": {"user": 2, "created": "2018-11-04T13:21:52.312Z"}}, {"model": "authtoken.token", "pk": "d2e0679ebb7f78d1d10ec9451ab23eba2d8b3e21", "fields": {"user": 1, "created": "2018-11-05T11:06:45.964Z"}}, {"model": "authtoken.token", "pk": "f16f8d8931eb0586a52b74036fc0649707455c85", "fields": {"user": 3, "created": "2018-11-04T15:32:25.654Z"}}, {"model": "admin.logentry", "pk": 1, "fields": {"action_time": "2018-11-04T12:50:53.904Z", "user": 1, "content_type": 9, "object_id": "1", "object_repr": "onteeae@naver.com", "action_flag": 2, "change_message": "[{\"changed\": {\"fields\": [\"major\"]}}]"}}, {"model": "admin.logentry", "pk": 2, "fields": {"action_time": "2018-11-05T04:39:12.292Z", "user": 1, "content_type": 11, "object_id": "1", "object_repr": "ArticleTag object (1)", "action_flag": 1, "change_message": "[{\"added\": {}}]"}}, {"model": "admin.logentry", "pk": 3, "fields": {"action_time": "2018-11-05T04:39:15.843Z", "user": 1, "content_type": 11, "object_id": "1", "object_repr": "ArticleTag object (1)", "action_flag": 2, "change_message": "[{\"changed\": {\"fields\": [\"name\"]}}]"}}, {"model": "admin.logentry", "pk": 4, "fields": {"action_time": "2018-11-05T04:39:22.596Z", "user": 1, "content_type": 13, "object_id": "1", "object_repr": "ArticleType object (1)", "action_flag": 1, "change_message": "[{\"added\": {}}]"}}, {"model": "admin.logentry", "pk": 5, "fields": {"action_time": "2018-11-05T04:40:02.972Z", "user": 1, "content_type": 15, "object_id": "1", "object_repr": "InterestTag object (1)", "action_flag": 1, "change_message": "[{\"added\": {}}]"}}, {"model": "admin.logentry", "pk": 6, "fields": {"action_time": "2018-11-05T04:40:18.316Z", "user": 1, "content_type": 14, "object_id": "1", "object_repr": "Interest object (1)", "action_flag": 1, "change_message": "[{\"added\": {}}]"}}, {"model": "admin.logentry", "pk": 7, "fields": {"action_time": "2018-11-05T05:05:23.540Z", "user": 1, "content_type": 11, "object_id": "2", "object_repr": "ArticleTag object (2)", "action_flag": 1, "change_message": "[{\"added\": {}}]"}}, {"model": "admin.logentry", "pk": 8, "fields": {"action_time": "2018-11-05T05:05:37.595Z", "user": 1, "content_type": 12, "object_id": "1", "object_repr": "Article object (1)", "action_flag": 1, "change_message": "[{\"added\": {}}]"}}, {"model": "admin.logentry", "pk": 9, "fields": {"action_time": "2018-11-05T12:22:35.093Z", "user": 1, "content_type": 12, "object_id": "2", "object_repr": "Article object (2)", "action_flag": 1, "change_message": "[{\"added\": {}}]"}}, {"model": "admin.logentry", "pk": 10, "fields": {"action_time": "2018-11-05T13:13:47.380Z", "user": 1, "content_type": 16, "object_id": "1", "object_repr": "TagColor object (1)", "action_flag": 1, "change_message": "[{\"added\": {}}]"}}, {"model": "admin.logentry", "pk": 11, "fields": {"action_time": "2018-11-05T13:15:38.493Z", "user": 1, "content_type": 16, "object_id": "2", "object_repr": "TagColor object (2)", "action_flag": 1, "change_message": "[{\"added\": {}}]"}}, {"model": "admin.logentry", "pk": 12, "fields": {"action_time": "2018-11-05T13:15:46.161Z", "user": 1, "content_type": 16, "object_id": "3", "object_repr": "TagColor object (3)", "action_flag": 1, "change_message": "[{\"added\": {}}]"}}, {"model": "admin.logentry", "pk": 13, "fields": {"action_time": "2018-11-05T13:15:52.873Z", "user": 1, "content_type": 16, "object_id": "4", "object_repr": "TagColor object (4)", "action_flag": 1, "change_message": "[{\"added\": {}}]"}}, {"model": "admin.logentry", "pk": 14, "fields": {"action_time": "2018-11-05T13:16:02.240Z", "user": 1, "content_type": 16, "object_id": "5", "object_repr": "TagColor object (5)", "action_flag": 1, "change_message": "[{\"added\": {}}]"}}, {"model": "admin.logentry", "pk": 15, "fields": {"action_time": "2018-11-05T13:16:13.945Z", "user": 1, "content_type": 16, "object_id": "6", "object_repr": "TagColor object (6)", "action_flag": 1, "change_message": "[{\"added\": {}}]"}}, {"model": "admin.logentry", "pk": 16, "fields": {"action_time": "2018-11-05T13:16:21.732Z", "user": 1, "content_type": 16, "object_id": "7", "object_repr": "TagColor object (7)", "action_flag": 1, "change_message": "[{\"added\": {}}]"}}, {"model": "admin.logentry", "pk": 17, "fields": {"action_time": "2018-11-05T13:16:26.183Z", "user": 1, "content_type": 16, "object_id": "8", "object_repr": "TagColor object (8)", "action_flag": 1, "change_message": "[{\"added\": {}}]"}}, {"model": "admin.logentry", "pk": 18, "fields": {"action_time": "2018-11-05T13:16:39.895Z", "user": 1, "content_type": 16, "object_id": "9", "object_repr": "TagColor object (9)", "action_flag": 1, "change_message": "[{\"added\": {}}]"}}, {"model": "admin.logentry", "pk": 19, "fields": {"action_time": "2018-11-05T13:16:47.847Z", "user": 1, "content_type": 16, "object_id": "10", "object_repr": "TagColor object (10)", "action_flag": 1, "change_message": "[{\"added\": {}}]"}}, {"model": "admin.logentry", "pk": 20, "fields": {"action_time": "2018-11-05T13:16:55.458Z", "user": 1, "content_type": 16, "object_id": "11", "object_repr": "TagColor object (11)", "action_flag": 1, "change_message": "[{\"added\": {}}]"}}, {"model": "admin.logentry", "pk": 21, "fields": {"action_time": "2018-11-05T13:17:02.812Z", "user": 1, "content_type": 16, "object_id": "12", "object_repr": "TagColor object (12)", "action_flag": 1, "change_message": "[{\"added\": {}}]"}}, {"model": "admin.logentry", "pk": 22, "fields": {"action_time": "2018-11-05T13:17:14.629Z", "user": 1, "content_type": 16, "object_id": "13", "object_repr": "TagColor object (13)", "action_flag": 1, "change_message": "[{\"added\": {}}]"}}, {"model": "admin.logentry", "pk": 23, "fields": {"action_time": "2018-11-05T13:17:19.205Z", "user": 1, "content_type": 16, "object_id": "14", "object_repr": "TagColor object (14)", "action_flag": 1, "change_message": "[{\"added\": {}}]"}}, {"model": "admin.logentry", "pk": 24, "fields": {"action_time": "2018-11-05T13:17:34.137Z", "user": 1, "content_type": 16, "object_id": "15", "object_repr": "TagColor object (15)", "action_flag": 1, "change_message": "[{\"added\": {}}]"}}, {"model": "admin.logentry", "pk": 25, "fields": {"action_time": "2018-11-05T13:17:38.770Z", "user": 1, "content_type": 16, "object_id": "16", "object_repr": "TagColor object (16)", "action_flag": 1, "change_message": "[{\"added\": {}}]"}}, {"model": "admin.logentry", "pk": 26, "fields": {"action_time": "2018-11-05T13:17:50.232Z", "user": 1, "content_type": 16, "object_id": "17", "object_repr": "TagColor object (17)", "action_flag": 1, "change_message": "[{\"added\": {}}]"}}, {"model": "admin.logentry", "pk": 27, "fields": {"action_time": "2018-11-05T13:17:56.733Z", "user": 1, "content_type": 16, "object_id": "18", "object_repr": "TagColor object (18)", "action_flag": 1, "change_message": "[{\"added\": {}}]"}}, {"model": "admin.logentry", "pk": 28, "fields": {"action_time": "2018-11-05T13:18:04.990Z", "user": 1, "content_type": 16, "object_id": "19", "object_repr": "TagColor object (19)", "action_flag": 1, "change_message": "[{\"added\": {}}]"}}, {"model": "admin.logentry", "pk": 29, "fields": {"action_time": "2018-11-05T13:18:10.084Z", "user": 1, "content_type": 16, "object_id": "20", "object_repr": "TagColor object (20)", "action_flag": 1, "change_message": "[{\"added\": {}}]"}}, {"model": "admin.logentry", "pk": 30, "fields": {"action_time": "2018-11-05T13:18:16.371Z", "user": 1, "content_type": 16, "object_id": "21", "object_repr": "TagColor object (21)", "action_flag": 1, "change_message": "[{\"added\": {}}]"}}, {"model": "admin.logentry", "pk": 31, "fields": {"action_time": "2018-11-05T13:18:20.310Z", "user": 1, "content_type": 16, "object_id": "22", "object_repr": "TagColor object (22)", "action_flag": 1, "change_message": "[{\"added\": {}}]"}}, {"model": "admin.logentry", "pk": 32, "fields": {"action_time": "2018-11-05T13:26:35.296Z", "user": 1, "content_type": 11, "object_id": "2", "object_repr": "ArticleTag object (2)", "action_flag": 2, "change_message": "[{\"changed\": {\"fields\": [\"color\"]}}]"}}, {"model": "admin.logentry", "pk": 33, "fields": {"action_time": "2018-11-06T08:31:11.083Z", "user": 1, "content_type": 14, "object_id": "1", "object_repr": "Interest object (1)", "action_flag": 2, "change_message": "[{\"changed\": {\"fields\": [\"photoURL\"]}}]"}}, {"model": "admin.logentry", "pk": 34, "fields": {"action_time": "2018-11-06T08:37:44.558Z", "user": 1, "content_type": 14, "object_id": "1", "object_repr": "Interest object (1)", "action_flag": 2, "change_message": "[{\"changed\": {\"fields\": [\"photoURL\"]}}]"}}, {"model": "admin.logentry", "pk": 35, "fields": {"action_time": "2018-11-06T08:57:41.730Z", "user": 1, "content_type": 15, "object_id": "2", "object_repr": "tag2", "action_flag": 1, "change_message": "[{\"added\": {}}]"}}, {"model": "admin.logentry", "pk": 36, "fields": {"action_time": "2018-11-06T08:57:46.527Z", "user": 1, "content_type": 15, "object_id": "3", "object_repr": "tag3", "action_flag": 1, "change_message": "[{\"added\": {}}]"}}, {"model": "admin.logentry", "pk": 37, "fields": {"action_time": "2018-11-06T08:57:51.233Z", "user": 1, "content_type": 15, "object_id": "4", "object_repr": "tag4", "action_flag": 1, "change_message": "[{\"added\": {}}]"}}, {"model": "admin.logentry", "pk": 38, "fields": {"action_time": "2018-11-06T08:57:54.079Z", "user": 1, "content_type": 14, "object_id": "2", "object_repr": "int2", "action_flag": 1, "change_message": "[{\"added\": {}}]"}}, {"model": "admin.logentry", "pk": 39, "fields": {"action_time": "2018-11-06T08:58:05.502Z", "user": 1, "content_type": 14, "object_id": "3", "object_repr": "hoo", "action_flag": 1, "change_message": "[{\"added\": {}}]"}}, {"model": "admin.logentry", "pk": 40, "fields": {"action_time": "2018-11-06T09:06:05.511Z", "user": 1, "content_type": 14, "object_id": "1", "object_repr": "Int1", "action_flag": 2, "change_message": "[]"}}, {"model": "admin.logentry", "pk": 41, "fields": {"action_time": "2018-11-06T09:07:32.226Z", "user": 1, "content_type": 14, "object_id": "1", "object_repr": "Int1", "action_flag": 2, "change_message": "[{\"changed\": {\"fields\": [\"tags\"]}}]"}}, {"model": "admin.logentry", "pk": 42, "fields": {"action_time": "2018-11-06T09:17:59.359Z", "user": 1, "content_type": 14, "object_id": "4", "object_repr": "hoo1", "action_flag": 1, "change_message": "[{\"added\": {}}]"}}, {"model": "admin.logentry", "pk": 43, "fields": {"action_time": "2018-11-06T09:28:00.893Z", "user": 1, "content_type": 14, "object_id": "2", "object_repr": "int2", "action_flag": 2, "change_message": "[{\"changed\": {\"fields\": [\"tags\"]}}]"}}, {"model": "admin.logentry", "pk": 44, "fields": {"action_time": "2018-11-06T09:43:54.487Z", "user": 1, "content_type": 14, "object_id": "4", "object_repr": "hoo4", "action_flag": 2, "change_message": "[{\"changed\": {\"fields\": [\"name\"]}}]"}}, {"model": "admin.logentry", "pk": 45, "fields": {"action_time": "2018-11-06T09:44:07.570Z", "user": 1, "content_type": 14, "object_id": "5", "object_repr": "gg", "action_flag": 1, "change_message": "[{\"added\": {}}]"}}, {"model": "admin.logentry", "pk": 46, "fields": {"action_time": "2018-11-06T09:44:47.142Z", "user": 1, "content_type": 14, "object_id": "5", "object_repr": "gg", "action_flag": 3, "change_message": ""}}, {"model": "admin.logentry", "pk": 47, "fields": {"action_time": "2018-11-06T09:49:22.089Z", "user": 1, "content_type": 14, "object_id": "1", "object_repr": "Int1", "action_flag": 3, "change_message": ""}}, {"model": "admin.logentry", "pk": 48, "fields": {"action_time": "2018-11-06T09:50:58.953Z", "user": 1, "content_type": 15, "object_id": "5", "object_repr": "\ucde8\ubbf8", "action_flag": 1, "change_message": "[{\"added\": {}}]"}}, {"model": "admin.logentry", "pk": 49, "fields": {"action_time": "2018-11-06T09:51:12.231Z", "user": 1, "content_type": 15, "object_id": "6", "object_repr": "\ub3d9\uc544\ub9ac", "action_flag": 1, "change_message": "[{\"added\": {}}]"}}, {"model": "admin.logentry", "pk": 50, "fields": {"action_time": "2018-11-06T09:51:22.328Z", "user": 1, "content_type": 15, "object_id": "7", "object_repr": "\ud559\uc220", "action_flag": 1, "change_message": "[{\"added\": {}}]"}}, {"model": "admin.logentry", "pk": 51, "fields": {"action_time": "2018-11-06T09:51:47.790Z", "user": 1, "content_type": 15, "object_id": "8", "object_repr": "\ud29c\ud130\ub9c1", "action_flag": 1, "change_message": "[{\"added\": {}}]"}}, {"model": "admin.logentry", "pk": 52, "fields": {"action_time": "2018-11-06T09:52:00.316Z", "user": 1, "content_type": 11, "object_id": "3", "object_repr": "\uacf5\uc9c0", "action_flag": 1, "change_message": "[{\"added\": {}}]"}}, {"model": "admin.logentry", "pk": 53, "fields": {"action_time": "2018-11-06T09:52:08.084Z", "user": 1, "content_type": 11, "object_id": "4", "object_repr": "QNA", "action_flag": 1, "change_message": "[{\"added\": {}}]"}}, {"model": "admin.logentry", "pk": 54, "fields": {"action_time": "2018-11-06T09:52:14.307Z", "user": 1, "content_type": 11, "object_id": "5", "object_repr": "\uc7a1\ub2f4", "action_flag": 1, "change_message": "[{\"added\": {}}]"}}, {"model": "admin.logentry", "pk": 55, "fields": {"action_time": "2018-11-06T09:52:18.316Z", "user": 1, "content_type": 11, "object_id": "6", "object_repr": "\uc77c\uc815", "action_flag": 1, "change_message": "[{\"added\": {}}]"}}, {"model": "admin.logentry", "pk": 56, "fields": {"action_time": "2018-11-06T09:53:42.823Z", "user": 1, "content_type": 14, "object_id": "6", "object_repr": "\ucde8\ubbf8\ub3d9\uc544\ub9ac", "action_flag": 1, "change_message": "[{\"added\": {}}]"}}, {"model": "admin.logentry", "pk": 57, "fields": {"action_time": "2018-11-06T09:53:57.992Z", "user": 1, "content_type": 14, "object_id": "7", "object_repr": "\ucde8\ubbf8\ub3d9\uc544\ub9ac2", "action_flag": 1, "change_message": "[{\"added\": {}}]"}}, {"model": "admin.logentry", "pk": 58, "fields": {"action_time": "2018-11-06T09:54:07.915Z", "user": 1, "content_type": 14, "object_id": "8", "object_repr": "\ud559\uc220\ub3d9\uc544\ub9ac", "action_flag": 1, "change_message": "[{\"added\": {}}]"}}, {"model": "admin.logentry", "pk": 59, "fields": {"action_time": "2018-11-06T09:54:16.863Z", "user": 1, "content_type": 14, "object_id": "9", "object_repr": "\ud30c\uc774\uc36c\ud29c\ud130\ub9c1", "action_flag": 1, "change_message": "[{\"added\": {}}]"}}, {"model": "admin.logentry", "pk": 60, "fields": {"action_time": "2018-11-06T09:54:38.817Z", "user": 1, "content_type": 9, "object_id": "1", "object_repr": "onteeae@naver.com", "action_flag": 2, "change_message": "[{\"changed\": {\"fields\": [\"interests\"]}}]"}}, {"model": "admin.logentry", "pk": 61, "fields": {"action_time": "2018-11-06T09:54:49.793Z", "user": 1, "content_type": 9, "object_id": "1", "object_repr": "onteeae@naver.com", "action_flag": 2, "change_message": "[]"}}, {"model": "admin.logentry", "pk": 62, "fields": {"action_time": "2018-11-06T09:55:12.207Z", "user": 1, "content_type": 9, "object_id": "1", "object_repr": "onteeae@naver.com", "action_flag": 2, "change_message": "[]"}}, {"model": "admin.logentry", "pk": 63, "fields": {"action_time": "2018-11-06T10:05:50.248Z", "user": 1, "content_type": 13, "object_id": "2", "object_repr": "\uc7a1\ub2f4", "action_flag": 1, "change_message": "[{\"added\": {}}]"}}, {"model": "admin.logentry", "pk": 64, "fields": {"action_time": "2018-11-06T10:05:52.083Z", "user": 1, "content_type": 13, "object_id": "3", "object_repr": "\uacf5\uc9c0", "action_flag": 1, "change_message": "[{\"added\": {}}]"}}, {"model": "admin.logentry", "pk": 65, "fields": {"action_time": "2018-11-06T10:05:56.278Z", "user": 1, "content_type": 13, "object_id": "4", "object_repr": "\uc77c\uc815", "action_flag": 1, "change_message": "[{\"added\": {}}]"}}, {"model": "admin.logentry", "pk": 66, "fields": {"action_time": "2018-11-06T10:05:58.568Z", "user": 1, "content_type": 13, "object_id": "5", "object_repr": "\ubaa8\uc784", "action_flag": 1, "change_message": "[{\"added\": {}}]"}}, {"model": "admin.logentry", "pk": 67, "fields": {"action_time": "2018-11-06T10:06:17.813Z", "user": 1, "content_type": 12, "object_id": "3", "object_repr": "Article object (3)", "action_flag": 1, "change_message": "[{\"added\": {}}]"}}, {"model": "admin.logentry", "pk": 68, "fields": {"action_time": "2018-11-06T10:06:28.152Z", "user": 1, "content_type": 12, "object_id": "4", "object_repr": "Article object (4)", "action_flag": 1, "change_message": "[{\"added\": {}}]"}}, {"model": "admin.logentry", "pk": 69, "fields": {"action_time": "2018-11-06T10:06:36.839Z", "user": 1, "content_type": 12, "object_id": "5", "object_repr": "Article object (5)", "action_flag": 1, "change_message": "[{\"added\": {}}]"}}, {"model": "admin.logentry", "pk": 70, "fields": {"action_time": "2018-11-06T10:06:46.688Z", "user": 1, "content_type": 12, "object_id": "6", "object_repr": "Article object (6)", "action_flag": 1, "change_message": "[{\"added\": {}}]"}}, {"model": "admin.logentry", "pk": 71, "fields": {"action_time": "2018-11-06T10:06:56.959Z", "user": 1, "content_type": 12, "object_id": "7", "object_repr": "Article object (7)", "action_flag": 1, "change_message": "[{\"added\": {}}]"}}, {"model": "admin.logentry", "pk": 72, "fields": {"action_time": "2018-11-06T10:09:47.433Z", "user": 1, "content_type": 12, "object_id": "8", "object_repr": "Article object (8)", "action_flag": 1, "change_message": "[{\"added\": {}}]"}}, {"model": "admin.logentry", "pk": 73, "fields": {"action_time": "2018-11-06T10:21:52.076Z", "user": 1, "content_type": 9, "object_id": "1", "object_repr": "onteeae@naver.com", "action_flag": 2, "change_message": "[{\"deleted\": {\"name\": \"user-interest \\uad00\\uacc4\", \"object\": \"User_interests object (None)\"}}]"}}]